ABW,,,,,,,,,,,,,,,,,,,,,,,,,,,,,,,,,,,6.0940781184,-0.0211505922,-5.008097166,-12.7826404085,-1.1271385441,-25.2794432861,11.056872264,16.0790394703,-17.5288381838,-8.1904188075,12.156836199,4.5029274895,12.8250637167,9.8435633572,0.0040019129,6.8699713174,-18.6453378732,-10.0817303224,,,,,
AFG,,,,,,,,,,,,,,,,,,,,-2.6933911574,1.4718306489,-5.915853607,,,,,,,,,,,,,,,,,,,,,,,,,,,-8.8921142471,-6.8082206427,-10.4974039985,-15.4753945193,-28.0257014367,-25.1912752233,-19.5505272893,-25.6647851381,
AGO,,,,,,,,,,,,,,,,,,,,,,,,,,2.9172,-4.53288,6.68712,-7.01624,-1.31648,-2.34872,-4.782726375,-12.9264301755,-12.6653434278,-8.3707938407,-5.8546269937,43.3986736531,-11.5519926948,-28.9700214645,-27.798332855,8.7150636563,-16.0129789169,-1.2010020145,-5.0712626484,3.4684736461,18.1976868655,25.5801682099,17.5044491815,8.5464660089,-10.029689439,9.1013351872,12.5673728091,11.9942638616,6.5206433198,-2.9559946318,-9.9772901009,
ALB,,,,,,,,,,,,,,,,,,,,,,,,,-1.4603149388,-1.852054822,-0.14721104,0.241117498,-1.2746942615,-1.6829934248,-5.6289776773,-14.7476228008,-7.1463549717,1.2132848623,-7.9217442538,-0.4743247969,-3.2369017254,-11.5357490328,-2.4036581064,-4.5508310495,-4.3033620727,-5.3536792133,-9.1885630981,-7.0787981033,-4.8931240526,-7.0046202271,-7.4605908775,-10.7542446956,-15.6713527888,-15.356912626,-11.3485988524,-12.9459229406,-10.2109825468,-10.9163000655,-12.8803201506,-10.7286581793,-9.5788012974
AND,,,,,,,,,,,,,,,,,,,,,,,,,,,,,,,,,,,,,,,,,,,,,,,,,,,,,,,,,
ARB,,,,,,,,,,,,,,,,,,,,,,,,,,,,,,,,,,,,,,,,,,,,,,,,,,,,,,,,,
ARE,,,,,,,,,,,,,,,,,,,,,,,,,,,,,,,,,,,,,,,,,,,,,,,,,,,,,,,,,
ARG,,,,,,,,,,,,,,,,,1.2722422564,1.9830577094,3.1954343768,-0.7407693109,-6.2030673973,-5.9890558114,-2.7909739553,-2.342778348,-3.1545541104,-1.0767200482,-2.5771977835,-3.8116687722,-1.2455745537,-1.7028351009,3.2203209903,-0.341028913,-2.4248385372,-3.4661782946,-4.2648589847,-1.9834602735,-2.487593011,-4.1446800663,-4.8443160454,-4.2122950618,-3.159922377,-1.406947885,8.9707846778,6.3799068018,1.9505832432,2.6536314218,3.3398398195,2.5577633623,1.8685409551,2.4646215242,-0.3579788159,-0.8433671684,-0.2637058251,-2.1996745649,-1.5258259395,-2.8741663326,
ARM,,,,,,,,,,,,,,,,,,,,,,,,,,,,,,,,,,-5.6379968354,-7.891063058,-15.0292446654,-20.1762883624,-20.4782138663,-21.9751034623,-16.9355703343,-15.7812103252,-10.4398165717,-6.2201045971,-6.1811985054,-2.2043591763,-2.5283241436,-2.3953730702,-7.3566009937,-14.2246479361,-16.4837117891,-13.621946305,-10.4403026923,-9.9615695569,-7.309591771,-7.6068188519,-2.6506718501,-2.7064870302
ASM,,,,,,,,,,,,,,,,,,,,,,,,,,,,,,,,,,,,,,,,,,,,,,,,,,,,,,,,,
ATG,,,,,,,,,,,,,,,,,,-12.3876177349,-2.5034327373,-17.8767937487,-14.3040794806,-22.1182460624,-25.3088629917,-4.9960440359,0.28794538,-9.5880888173,-40.7261826367,-33.0051854621,-11.2977353708,-18.6073655119,-6.7436933046,-6.4193098746,-1.976916294,2.8132140088,-1.0763701932,-0.0898208587,-9.3794962657,-6.960458869,-6.4257319116,-7.8864507723,-8.0897629264,-7.1478006563,-10.1767121822,-11.4746125419,-10.4082630933,-16.896188433,-25.3922467567,-29.6005708996,-26.4148344313,-13.8804376644,-14.5570929496,-10.3070732502,-13.7183366879,-17.0919385976,,,
AUS,,,,,,,,,,,,,,,,,,,,,,,,,,,,,,-6.1145587286,-4.9875023667,-3.2466060553,-3.1665769201,-2.9738569725,-4.9078652047,-5.0677678779,-3.5848795541,-2.7311505757,-4.4475904936,-5.6009006778,-3.7278650095,-2.1079285844,-4.05493711,-6.2777184923,-6.7316071195,-6.2475045311,-6.0620990458,-7.5153041122,-4.9388749188,-5.2739515705,-3.9124293329,-3.195205587,-4.1921168721,-3.0546952622,-2.899242337,-4.3103233059,-2.7305846252
AUT,,,,,,,,,,,,,,,,,,,,,,,,,,,,,,,,,,,,,,,,,,,,,,1.9847665354,3.2886768535,3.8169174346,4.5148629823,2.5899792831,2.9415950407,1.5836526109,1.5077362618,1.9562696427,2.3155264918,1.9208496154,1.7127243902
AZE,,,,,,,,,,,,,,,,,,,,,,,,,,,,,,,,,,,,-13.1254467759,-29.3124142368,-23.1093106058,-30.6882457886,-13.0904580062,-3.1819681529,-0.9067542987,-12.3219731758,-27.7741943441,-29.8280202935,1.2631631144,17.6695490613,27.288324319,33.6785440639,22.9725301709,28.4303731949,25.9962274289,21.491186956,16.4927257167,13.5675673449,-0.4192136392,-3.6023415773
BDI,,,,,,,,,,,,,,,,,,,,,,,,,,-3.5902681258,-3.0094247281,-8.4165223822,-6.4725856124,-1.0314432989,-6.134100344,-2.8503873867,-5.5038209642,-2.995420085,-1.8252567673,1.0441659606,-4.6040035606,0.6300451843,-5.4416037928,-2.6118461211,-5.7625888745,-4.1872020117,-0.3979900771,-3.0463014604,-3.5365581543,-0.5100132564,-10.4886467341,-8.2080091301,-16.0927464208,-9.2644155534,-14.8496364075,-12.038418883,-10.5629688881,-9.5203072666,-12.7103331152,-12.0973949578,
BEL,,,,,,,,,,,,,,,,,,,,,,,,,,,,,,,,,,,,,,,,,,,4.4855628448,3.382434717,3.0806100892,1.9884623731,1.8411125024,1.492367962,-0.826323176,-1.0816628228,1.6497460714,-1.0410998115,-0.0471428255,-0.3028562213,-0.6783786061,0.4252618469,-0.41008675
BEN,,,,,,,,,,,,,,,-5.2775865141,-7.8862829472,-9.2806426257,-7.5545938322,-9.7252402564,-4.3711374669,-2.5420576892,-7.231392947,-29.7501244087,-12.3059404857,-5.4295670152,-3.7249894594,-3.9550462574,-2.1946754556,-6.5109236871,-0.893468996,-0.9255859732,-10.8930806819,-4.2890468737,-2.5829968957,0.6602805125,-7.6956430686,-1.7345747753,-6.7872506758,-5.3974001282,-5.7839740973,-3.1365078756,-2.7955550196,-5.1134894052,-8.4808122041,-6.3805700961,-4.706468163,-4.2199411623,-8.9463827088,-7.5148875683,-9.1435308546,-7.6085970847,-6.6055430334,-7.077155265,-7.3516869621,-9.115847103,-8.982294276,
BFA,,,,,,,,,,,,,,,,,,,,,,,,,,,,,,,,,,,,,,,,,,,,,,-11.6117648448,-9.2982603686,-8.2701523505,-11.5074638194,-4.5409321531,-2.0205859802,-1.4936779256,-1.4535369696,-11.2711012656,-8.0449207797,,
BGD,,,,,,,,,,,,,,,,,-2.7311510538,-2.9111374278,-2.8904785561,-2.6722406445,-3.8710788967,-5.0204218555,-2.7026150354,-0.2600953258,-2.5244669102,-2.0431132547,-2.8712245436,-0.9758650693,-1.0265116739,-3.8203636216,-1.2592736234,0.2086514357,0.5701588793,1.0832117352,0.5909882377,-2.17154894,-2.1349082149,-0.5934647287,-0.0703537047,-0.7106519686,-0.5730426633,-0.9916872319,1.3508683049,0.218816448,-0.4280227533,0.7311149409,1.6653833795,1.0762119254,1.0107743299,3.4701434749,1.8290418202,-0.1258124472,1.931300818,1.3724029806,0.4371627225,1.3773612866,
BGR,,,,,,,,,,,,,,,,,,,,,4.8086541817,0.6139909411,0.915107021,0.2173431809,3.0406461452,-0.7927523293,-4.6964600073,-2.5621863991,-1.7822355399,-3.4972915066,-8.2880596423,-0.702697126,-3.4771215139,-10.1461625962,-0.3279223744,-0.1974980122,0.1553009431,3.8130947479,-0.4231601912,-4.8323740062,-5.3519957217,-5.6924360401,-1.9500750066,-4.8501354665,-6.4040946195,-11.2233811087,-17.0917531442,-25.5485736304,-21.7231830811,-8.2194758344,-1.9059857865,0.4745692017,-0.9806870173,1.2171005736,0.1768842778,-0.1377115841,4.2712720564
BHR,,,,,,,,,,,,,,,,,,,,,5.9996133088,12.3859191985,11.6727458729,2.7485047068,5.5907388554,1.0632874518,-2.2566872876,-5.9353932833,5.1864090223,-4.9975906932,1.6473843058,-13.0552514836,-17.3981191223,-6.5258529983,-4.5906183412,4.0581859849,4.267952568,-0.4892536891,-12.5718179532,-0.5570041541,9.160250947,2.517016573,-0.515262007,1.8099024641,3.5861037591,9.2318072071,11.8208218918,13.3758607442,8.7779455263,2.4412338688,2.99484203,11.1372591944,7.2264209366,7.7817929005,3.365520186,,
BHS,,,,,,,,,,,,,,,,,10.6058246485,4.0532959367,0.288322922,-3.7638178873,-5.6391822119,-9.8072204795,-7.3116644564,-5.8056325081,-4.9140169497,-0.1163442115,0.9302325581,-2.019159986,-2.3599134107,-2.749836708,-1.156032849,-5.7791948984,1.1514956578,1.5737386805,-1.2948757288,-4.2548848061,-7.2956497645,-9.515998306,-18.5933601867,-5.3886915089,-10.0029679724,-9.8971081925,-6.0839027309,-6.8137631367,-4.3290403308,-9.091841269,-17.6221767935,-15.8083747004,-14.8184551853,-10.3450127877,-10.2913147914,-15.248973384,-17.9164471961,-17.5302276461,-21.876110592,-13.5889467229,-12.2282843705
BIH,,,,,,,,,,,,,,,,,,,,,,,,,,,,,,,,,,,,,,,-8.3831915002,-10.6990205633,-7.1865460347,-12.92114007,-17.9013057749,-19.4867686287,-16.3559155726,-16.4309618026,-7.7573709942,-9.1917741901,-13.8410135533,-6.4500841053,-6.0046716584,-9.4871070338,-8.6469331459,-5.2981049719,-7.3690120576,-5.5198680205,-4.4746676298
BLR,,,,,,,,,,,,,,,,,,,,,,,,,,,,,,,,,,-2.6709596882,-2.9721021514,-3.2799836083,-3.4960008174,-6.0813626799,-6.6778282078,-1.5957509916,-3.6044999657,-4.2801108704,-2.2315975672,-2.5587031875,-5.1504676971,1.5180357692,-3.7549555971,-6.6536725341,-8.162176582,-12.46244132,-14.4676296659,-8.1805512696,-2.8350070431,-10.0192595047,-6.6330385767,-3.2649142106,-3.5907155746
BLZ,,,,,,,,,,,,,,,,,,,,,,,,,-2.5130393551,4.327038011,5.2446785166,3.3990236847,-0.8256589393,-5.2457662123,3.7162571117,-5.8013933463,-5.5186881885,-8.6629070841,-6.8961100513,-2.781063772,-1.0360411348,-4.8799174281,-8.6862345153,-9.9343361713,-19.4179712468,-21.8343689076,-17.728121682,-18.6077657289,-14.6452152976,-13.5718991281,-2.0849821053,-4.0361901893,-10.5856044231,-6.1960641216,-3.2736541931,-1.34181093,-2.1042657158,-4.4981083444,-7.9614173107,-10.0276009001,
BMU,,,,,,,,,,,,,,,,,,,,,,,,,,,,,,,,,,,,,,,,,,,,,,,23.1311569605,20.6286106048,14.8405201745,10.012458315,12.1154058592,15.6302029857,16.7400782109,15.0824077368,,,
BOL,,,,,,,,,,,,,,,,,-1.9582121495,-3.6530543039,-8.8206630143,-8.9791709345,-0.1410472099,-7.9374772028,-3.1037062068,-2.5971404641,-2.8820736163,-5.3056589501,-9.8162603816,-9.9411302765,-6.6207362458,-5.7273369442,-4.0862172359,-4.9145895323,-9.459781877,-8.8147953007,-1.5080472662,-4.5046919857,-5.1330500404,-6.9836336761,-7.8387340475,-5.8901090047,-5.3150101705,-3.3655991304,-4.4517556015,0.9353065427,3.8468263276,6.5183170819,11.5044303913,12.1282526301,11.9507032799,4.6916976216,4.4466262822,2.2418068923,7.2736778939,3.4377206226,1.4497572866,-5.6172806122,
BRA,,,,,,,,,,,,,,,,-5.6325560708,-4.2704247675,-2.8659608288,-3.4840482703,-4.6744116522,-5.459428526,-4.4634813301,-5.7926961541,-3.3614600165,0.0157876673,-0.1255927583,-1.9807022338,-0.4937362948,1.2578792165,0.2354349253,-0.8275755499,-0.2405201871,1.5199728906,0.0045683109,-0.2065893593,-2.3084262779,-2.733689315,-3.4523346032,-3.9166474119,-4.2376495227,-3.6960249968,-4.1501019273,-1.5033837568,0.7481887837,1.7536698409,1.5684371255,1.2297743172,0.1110015338,-1.6624375567,-1.4580279808,-3.4297900279,-2.9420668136,-3.0041765225,-3.0244177392,-4.241922251,-3.2952174535,-1.3099771092
BRB,,,,,,,,,,,,,,,,,,,,,-1.6596460413,-10.3580934553,-2.8134293692,-2.884828866,1.7000318496,4.2277277583,0.8528288581,-0.956325336,2.6504621343,1.4055062609,-0.3876156753,-1.1678863016,7.9773559344,3.967154406,6.5139018335,0.4498062651,1.4129292179,-3.7113608417,-3.9811266879,-6.7220647542,-6.8254223803,-5.6058377023,-7.2285426607,-7.3565963775,-11.7542730877,-11.9518796322,-8.2358506665,-6.0658507248,-10.3509891524,-5.6423856062,-4.9116841621,-5.8326817168,-9.4864850305,-5.6771887523,,,
BRN,,,,,,,,,,,,,,,,,,,,,,,,,,,,,,,,,,,,,,,,,,34.8381594349,30.0462831994,37.8825205941,36.6115330752,42.3088889783,45.5892584015,39.4227440215,48.2099198432,37.0597078902,36.5949373129,34.7096739407,29.838237235,20.881355363,30.6637593807,16.016086613,
BTN,,,,,,,,,,,,,,,,,,,,,,,,,,,,,,,,,,,,,,,,,,,,,,,-4.2219973178,7.1012834044,-8.9394011538,-5.2136976738,-20.3786001424,-28.9095956052,-20.6743662683,-26.2571891376,-24.681149964,-27.7799916903,-27.7026063363
BWA,,,,,,,,,,,,,,,,-10.0132214497,-5.471626722,-5.970042722,-19.5735697108,-7.3929356441,-14.2376112905,-28.2791718719,-14.2486640869,-6.7346860503,-4.7361389847,7.3506085206,7.802942435,31.979825325,7.3328595889,15.9507361883,-0.5090595233,7.6832559944,4.7679449629,10.2626921846,5.2034169608,6.3343398935,10.2099836167,14.3705379396,3.5425676453,10.6386901804,9.4180448797,10.8424755024,4.8420866439,9.5424542683,3.5367842594,16.0858602675,19.2612568622,15.1230363735,1.3661831239,-6.3131815264,-2.756430474,3.0806144081,-1.2016211978,9.307568598,15.2608456393,7.7637066887,
CAF,,,,,,,,,,,,,,,,,,-3.7245399187,-3.7646803476,-2.2768154014,-5.4014266804,-0.6016621932,-5.6985166602,-4.4497946623,-5.2438462765,-5.6213007055,-7.7092002525,-6.1139020781,-2.7360566118,-2.7088701068,-6.1866647367,-4.4846833251,-5.8824316239,-1.0126953561,-2.8990046272,,,,,,,,,,,,,,,,,,,,,,
CAN,-2.88894569,-2.7126224166,-2.5739980227,-1.8843998086,-0.9282147687,-3.075154855,-2.6154447804,-1.974554403,-1.3860235769,-2.4980992865,0.5616664847,-1.0462403025,-2.1271078253,-1.5658597966,-2.8490621758,-4.7150701916,-3.6977376483,-3.30916654,-3.7451392763,-3.4494721257,-2.2230994072,-4.0926093746,0.5730248085,-0.7407654303,-0.386538331,-1.6007992683,-3.0074255912,-3.1790194242,-3.0126841452,-3.9315926737,-3.4110718051,-3.7479695533,-3.66635755,-3.8728968141,-2.4055389792,-0.8379027048,0.386351742,-1.3763813814,-1.4244389272,0.1250699107,2.4922576345,2.1400658037,1.6516521812,1.1690542861,2.2713611495,1.8755079028,1.3676469888,0.7543107698,0.2052464917,-2.9710062473,-3.6046828331,-2.7802347743,-3.6012752253,-3.226102299,-2.4304546031,-3.4185449688,-3.3465914102
CEB,,,,,,,,,,,,,,,,,,,,,,,,,,,,,,,,,,,,,,,,,,,,,,,,,,,,,,,,,
CHE,,,,,,,,,,,,,,,,,,,,,-0.1694115514,3.1518903153,2.2741631027,1.0914735799,5.792991902,5.6176521179,3.0205084468,3.2581283194,4.237001995,3.6120456295,2.3788474245,3.6606152773,4.9313726855,6.3997201552,5.7308695023,6.057638963,6.0421025428,8.8333268427,8.5410842237,9.7567501934,11.7427177025,8.0014229603,8.5399197322,12.7393012844,14.6973184592,13.6009011278,14.4357437237,10.1710916952,2.506074803,7.6837873524,14.9015178954,8.0008466608,10.4818523378,11.4991014447,8.7440317371,11.5353190836,10.7045853654
CHI,,,,,,,,,,,,,,,,,,,,,,,,,,,,,,,,,,,,,,,,,,,,,,,,,,,,,,,,,
CHL,,,,,,,,,,,,,,,,-6.4285755358,1.4310681661,-3.9461734998,-6.8042808673,-5.4532036508,-6.7879591342,-13.7149137242,-9.0974086532,-5.4873365926,-10.7580432856,-7.981636714,-6.30690234,-3.3021187947,-0.8886250307,-2.3116752944,-1.4634645218,-0.2582279177,-2.0818318266,-5.1771101166,-2.7837990468,-1.8375139032,-3.9501143072,-4.3085227634,-4.8033266649,0.1321445077,-1.1527301538,-1.5499141972,-0.8318072952,-0.3375332799,2.7927864061,1.4323479356,4.4786839714,4.2251746961,-3.7062661775,1.8054789303,1.3585402201,-1.6881115889,-4.0078281914,-4.1397771497,-1.7245489993,-1.92554662,-1.4469530764
CHN,,,,,,,,,,,,,,,,,,,,,,,2.766568653,1.8379976415,0.7809301367,-3.6890151557,-2.3387463619,0.1099009413,-1.2172090327,-1.241347637,3.3245717404,3.4619042426,1.4993609002,-2.6103425457,1.2241167741,0.2203246072,0.8385563542,3.8438923339,3.0583755621,1.9300774311,1.6938492637,1.2991682273,2.4087589554,2.5930196864,3.5257651895,5.7909217461,8.4241247713,9.9426945524,9.1463620642,4.7604453233,3.8981345455,1.7972371686,2.5160979873,1.5426302753,2.2518433143,2.7489711738,1.7535287407
CIV,,,,,,,,,,,,,,,,,,,,,,,,,,,,,,,,,,,,,,,,,,,,,,0.2322202312,2.6906797467,-0.6834591791,1.8640474071,6.6629145706,1.866754032,10.4907534175,-1.1854510419,-2.0232248552,,,
CMR,,,,,,,,,,,,,,,,,,-2.7447763691,-4.2259069782,-2.1626237742,-6.6075888107,-6.3076245129,-5.2675882666,-5.5793412601,-2.165103933,-6.8913142093,-4.2540177358,-7.256563383,-3.4135038149,-2.6023067596,-4.9427207708,-2.699681127,-3.2096693695,-3.7854322689,-0.608097038,1.0288635573,-2.9454769389,-5.9162938379,-1.5657973886,-4.8573647492,-2.3457450996,-3.6058310562,-4.0188909106,-4.3793608749,-2.6334487805,-2.9863077438,1.0769555723,1.3982962995,-1.9283733963,-4.7845145818,-3.6249558558,-2.8141862822,-3.6113113384,-3.8142103159,-4.3684063735,-4.1287350874,
COD,,,,,,,,,,,,,,,,,,,,,,,,,,,,,,,,,,,,,,,,,,,,,,-3.24794599,0.3343474016,3.2204782175,-0.7862101747,-6.1496682323,-10.5904096755,-5.3695984708,-4.5896347943,-10.3575629728,-5.0623270437,-4.2710302657,
COG,,,,,,,,,,,,,,,,,,,-20.5516893596,-8.2882352941,-9.7699778024,-23.110197159,-15.3447405499,-19.1156156156,9.5822639541,-7.4630201895,-32.4832377794,-9.69133909,-20.1330804249,-3.5550307979,-8.9763779528,-16.9376870041,-10.7934054611,-28.8011783439,-44.8409951549,-29.5463927286,-25.6169885357,-6.709670281,-12.3421441614,-9.798523425,20.1289422028,-1.0172337938,-1.1407667764,14.88827605,14.5085102095,11.4274136544,1.6054024343,-25.9811904525,,,,,,,,,
COL,,,,,,,,,-2.7709932515,-2.7320579273,-4.0703713244,-5.8051696165,-2.205286575,-0.5306737457,-2.8448720969,-1.3106530901,1.061573006,1.9281464707,1.1096003065,1.5677793576,-0.61625981,-5.3897993473,-7.8366708251,-7.7537147973,-3.6624462867,-5.1842112531,1.0960867513,0.9237543323,-0.550844053,-0.5083449477,1.3457745608,5.6955032766,1.8277345345,-3.767570557,-4.4881460522,-4.8816442587,-4.7768988698,-5.3914686291,-4.9344163443,0.7785268828,0.8332203911,-1.0568399859,-1.3301383038,-0.9990823324,-0.6680619929,-1.2902331122,-1.7893114293,-2.9008719987,-2.6479930433,-1.9882671441,-3.0183551359,-2.8986649325,-3.0336626493,-3.2476407693,-5.1388853282,-6.4422340212,-4.4399103147
COM,,,,,,,,,,,,,,,,,,,,,-7.2123871548,-7.1366448978,-10.2330212433,-9.911520905,-30.4398762073,-12.4523694133,-9.6534573964,-10.8765979134,-3.140980068,2.7209490073,-4.1895587172,-4.1525201967,-5.3308362419,3.6324903413,-3.8848881705,-8.1774410542,,,,,,,,-5.7937285978,-5.6223841809,-7.0562741028,-5.5448942741,-6.8281749001,-13.1350391052,-7.4838567144,-7.4076892873,-9.4539892293,-7.2067689919,,,,
CPV,,,,,,,,,,,,,,,,,,,,,3.0377497962,-15.4976474587,-10.5515654737,-9.63957653,-4.8592195305,-6.4887726042,0.9064299154,-1.0932777989,-0.1853735307,-4.7988210223,-1.2494885636,-2.177174419,-3.4009479152,-4.8794955337,-11.2472873016,-12.6500359682,-6.9806481261,-6.0581302356,-11.2111308195,-12.5223152444,-10.7618358721,-9.8982467794,-11.5170833798,-11.1238577761,-14.0656332307,-4.184583186,-7.4673690388,-13.0959815859,-11.4835423913,-14.4174429436,-13.3886055648,-16.3235136043,-13.9784908396,-5.8034534052,-9.0774320113,-5.0064411862,-3.8188160382
CRI,,,,,,,,,,,,,,,,,,-7.3427293491,-10.3087843953,-13.8321726472,-13.7412249341,-15.5919441428,-10.2316360494,-7.0389347479,-3.2892227404,-2.627053586,-1.4604148686,-4.3900729822,-2.9437183946,-6.0424658839,-5.7270540198,-1.0489608871,-4.3430375483,-6.5028903579,-2.2391308574,-3.110634033,-2.2694396354,-3.8310489634,-3.8241499312,-4.6947487333,-4.5791131846,-3.2316554041,-5.211063322,-5.2320232535,-3.6430045332,-4.3105468709,-4.1535321477,-5.6043073508,-8.4295986749,-1.8342200571,-3.2570933845,-5.3594723887,-5.188137898,-4.8872535062,-4.913146,-4.3465506985,-3.2724896928
CSS,,,,,,,,,,,,,,,,,,,,,,,,,,,,,,,,,,,,,,,,,,,,,,,,,,,,,,,,,
CUB,,,,,,,,,,,,,,,,,,,,,,,,,,,,,,,,,,,,,,,,,,,,,,,,,,,,,,,,,
CUW,,,,,,,,,,,,,,,,,,,,,,,,,,,,,,,,,,,,,,,,,,,,,,,,,,,,,,,,,
CYM,,,,,,,,,,,,,,,,,,,,,,,,,,,,,,,,,,,,,,,,,,,,,,,,,,,,,,,,,
CYP,,,,,,,,,,,,,,,,,-4.6092206832,-14.2369571585,-19.1903913855,-18.6086346463,-11.990798167,-8.2297493088,-8.2515534053,-9.4925377191,-9.7277899557,-7.4155950189,-0.6119482198,-0.2075883877,-2.5142641949,-5.4491996749,-2.7604415453,-7.2840058141,-9.232955279,1.6656270138,1.0014050747,-2.0873479095,-4.7245569744,-4.3575447855,2.8146739795,-1.603782163,-4.792699131,-3.0494853331,-3.2635315887,-2.0035991245,-4.7453778213,-5.1908690086,-6.2702267991,-7.6041758855,-15.1689297787,-7.6571903642,-11.3681270996,-4.0079339396,-6.09906103,-4.9595782183,-4.3255448889,-2.9446789064,-5.1643773463
CZE,,,,,,,,,,,,,,,,,,,,,,,,,,,,,,,,,,1.1527996917,-1.7309778454,-2.3070031444,-6.1812806113,-5.877386912,-1.9711252016,-2.2647765208,-4.3754167829,-4.8572069947,-5.2203311148,-5.8262496328,-3.7463104806,-2.0661076284,-2.5745808643,-4.7376900368,-1.8740911727,-2.3670700855,-3.5510251419,-2.2022792135,-1.5230744791,-0.5281172277,0.2202499979,0.2489742424,1.1086107888
DEU,,,,,,,,,,,,0.0427963538,0.1137510735,1.0534636334,2.0479189273,0.6337092794,0.7234780709,0.6527096126,1.2577421607,-0.6135077911,-1.653697406,-0.6652150559,0.7124639576,0.5661581594,1.2753529911,2.4657381386,3.7092418742,3.418985495,3.8655950743,4.0936891198,2.632113575,-1.4260948318,-1.1893641941,-1.0348047082,-1.5160466766,-1.2419066424,-0.6797412221,-0.5192128988,-0.6965606425,-1.4232431818,-1.7326487619,-0.3601129496,1.9124544751,1.4389405381,4.4718279993,4.6012551256,5.7049271443,6.7812766358,5.6202806078,5.8183734997,5.6490664904,6.0852768178,7.0236721306,6.7262488405,7.4288567177,8.5667512126,8.3409032686
DJI,,,,,,,,,,,,,,,,,,,,,,,,,,,,,,,,22.072933157,14.6514283024,23.82567919,16.3154371249,15.5987157457,13.8618372345,10.6026685771,8.5320833908,12.9648892075,6.0419352567,12.0278460955,11.8252569135,12.7055171216,0.4730728617,2.8410579725,-2.1544879066,-20.2086361012,-22.5588808416,-6.7771884,4.4735713787,-13.8678242864,-10.9311673574,-21.2047103987,-24.8450961042,-31.718436749,
DMA,,,,,,,,,,,,,,,,,,-4.1242362525,-2.8779927845,14.2224080268,-24.1962774958,-19.3335757033,-10.8330934512,-2.189944393,-7.9043653902,-6.3917649711,-6.2691672174,-5.5497156593,-8.5077414535,-29.6732269204,-26.1706638163,-18.9457695308,-14.1438918397,-9.0791491878,-12.1394437378,-17.9616465531,-21.6384711779,-17.1908199093,-8.9238882758,-13.361460783,-17.8113038424,-15.1953380224,-14.0229189436,-15.1893094953,-15.7046010062,-20.5419012,-12.7703229602,-20.6346601978,-28.3474698967,-22.712104507,-16.237487624,-13.5545022961,-18.9553300668,-14.1900997321,,,
DNK,,,,,,,,,,,,,,,,-1.2107203088,-4.293573041,-3.4596675475,-2.4885811577,-4.3433260542,-3.3586522918,-3.0302783144,-3.7391027809,-2.2784932165,-2.906835347,-4.416067586,-5.0977932448,-2.7432459668,-1.159537406,-0.9942788099,0.9920963684,1.424513337,2.7457967724,3.3742000716,2.0423535629,1.002548243,1.6466625595,0.5308721136,-1.1345682185,1.7122402442,1.3778341309,2.9419447491,1.9371379917,3.1926610935,2.3633553392,4.198576266,2.9052112571,1.3817460186,2.8300521489,3.351692627,5.6468603011,5.7774591639,5.7312664664,7.0573801145,8.8545877739,9.1539414217,8.1127298632
DOM,,,,,,,,,-6.9687702715,-6.8833807395,-6.8601045604,-7.7652424388,-2.3650178634,-4.1199302307,-8.2376264698,-2.0226154524,-3.269727268,-2.8035140806,-6.5327580429,-6.0249507888,-10.8565825538,-5.3584699424,-5.5575085802,-4.8469032145,-1.5817393784,-2.1329768697,-2.9956562282,-6.2485120918,-0.3516727124,-4.8948696785,-3.952683874,-1.6175801857,-6.2770019707,-4.106683452,-1.9502265091,-1.1174621347,-1.1730762941,-0.831892849,-1.5983733634,-1.9769940244,-4.2777849786,-2.9759942472,-3.0028277185,4.8699155027,4.7255728837,-1.3907467647,-3.5808292199,-4.9044957776,-9.3596948794,-4.7603637453,-7.457198396,-7.5479657604,-6.5506207258,-4.0936235639,-3.3269441298,-1.879957094,-1.3656768243
DZA,,,,,,,,,,,,,,,,,,-11.0871671906,-13.4259208511,-4.9088271828,0.5883153513,0.2027164304,-0.4051067223,-0.1745827987,0.1386404548,1.7514588802,-3.5009327018,0.2116269666,-3.4518075777,-1.9431791485,2.2890784879,5.1770630043,,,,,,,,,,,,,,20.5236081242,24.714745044,22.4879579645,19.856239828,0.3145994927,7.5804694597,8.8363576155,5.784562435,0.5662477289,-4.4428221573,-16.524736929,
EAP,,,,,,,,,,,,,,,,,,,,,,,,,,,,,,,,,,,,,,,,,,,,,,,,,,,,,,,,,
EAR,,,,,,,,,,,,,,,,,,,,,,,,,,,,,,,,,,,,,,,,,,,,,,,,,,,,,,,,,
EAS,,,,,,,,,,,,,,,,,,,,,,,,,,,,,,,,,,,,,,,,,,,,,,,,,,,,,,,,,
ECA,,,,,,,,,,,,,,,,,,,,,,,,,,,,,,,,,,,,,,,,,,,,,,,,,,,,,,,,,
ECS,,,,,,,,,,,,,,,,,,,,,,,,,,,,,,,,,,,,,,,,,,,,,,,,,,,,,,,,,
ECU,,,,,,,,,,,,,,,,,-0.1055882086,-3.1143588424,-5.8989295194,-4.4465087722,-3.5880070082,-4.5757216627,-5.9308012253,-0.6704568578,-1.6141892382,0.4431720847,-3.8004083052,-8.5117478614,-5.2099747977,-5.1472810949,-2.3623166244,-4.1675164389,-0.6742477865,-4.4822993232,-3.9558453578,-4.0928855632,-0.217391363,-1.6219698172,-7.4994915601,4.6734907527,6.0707064666,-2.2526093017,-4.2699471919,-1.1926746831,-1.3101966475,1.1417941068,3.7176301623,3.6984336697,2.8567606778,0.4909531464,-2.2804258626,-0.509317812,-0.1747860108,-0.979824077,-0.5137598984,-2.1159469621,1.4456033781
EGY,,,,,,,,,,,,,,,,,,-5.5577369562,-6.2228483728,-8.3014558701,-1.9047618592,-9.1212143934,-7.2315093153,-1.1712943811,-6.1571063656,-5.2358279838,-4.0173300415,0.0497257082,-2.9700899214,-3.3003703826,5.3952643321,9.1126571351,7.8125025162,5.4488505155,0.0597325714,-0.4222127451,-0.2838988666,-0.9058273787,-3.0249157968,-1.8022128739,-0.9725702734,-0.3978203513,0.7084748482,4.5141059904,4.9739245147,2.3446317623,2.4518990222,0.3154531579,-0.8688218872,-1.7722816772,-2.0575789093,-2.3236681373,-2.4955904938,-1.2244866921,-1.9546711338,-5.0455662282,
EMU,,,,,,,,,,,,,,,,,,,,,,,,,,,,,,,,,,,,,,,,,,,,,,,,,,,,,,,,,
ERI,,,,,,,,,,,,,,,,,,,,,,,,,,,,,,,,,39.3881615199,22.9118331354,23.243440942,-5.4442154308,-8.6147416787,0.714678103,-39.266696005,-30.3042402011,-14.8161574839,,,,,,,,,,,,,,,,
ESP,,,,,,,,,,,,,,,,-3.4010338688,-3.9111847355,-1.8587487396,0.780977368,0.3534882848,-2.4037775867,-2.6516791015,-2.3268908894,-1.7674056731,1.0356838995,1.5448878825,1.5617052103,-0.0828825151,-1.0117561728,-2.6411133389,-3.3656079243,-3.4394947721,-3.42293917,-1.1083332146,-1.2075390061,-0.3208898533,-0.3485147255,-0.1409339514,-1.1752012978,-3.2955107429,-4.4279936498,-4.4011958976,-3.7245883634,-3.8691369146,-5.5889113433,-7.5180941879,-8.9950857892,-9.6756410523,-9.3300881348,-4.2506100323,-3.9371028038,-3.1626753702,-0.255975705,1.5240579322,1.0285747832,1.358553549,1.9541214694
EST,,,,,,,,,,,,,,,,,,,,,,,,,,,,,,,,,,,,-3.6080853294,-8.3907769833,-11.0877002942,-8.5174305822,-5.1449170971,-5.2589023937,-5.198040659,-10.6437291314,-11.3422340204,-11.3539753596,-9.8985176101,-15.2412387755,-15.7540419864,-9.1616133491,2.674124621,1.763216706,1.3328895866,-1.9302186803,-0.3434605251,0.860158686,2.1955404082,2.6662111528
ETH,,,,,,,,,,,,,,,,,,,,,,-3.4064191965,-2.5290046605,-1.9830291255,-1.6068646216,1.1209996986,-3.3217891839,-2.0599689119,-2.0857784584,-1.2581803453,-2.4128467532,0.7657639435,-1.1432050344,-0.5662057143,1.8103289949,0.5138036075,0.9308573731,-0.4686328836,-4.2542915505,-6.0412198036,0.1632680562,-4.5362059654,-1.7404652452,-1.5815071983,-6.5918937225,-12.6419842588,-11.6871605564,-4.2014459808,-6.6713955773,-6.753483621,-1.4212351901,-2.4506716525,-6.8926903618,,,,
EUU,,,,,,,,,,,,,,,,,,,,,,,,,,,,,,,,,,,,,,,,,,,,,,,,,,,,,,,,,
FCS,,,,,,,,,,,,,,,,,,,,,,,,,,,,,,,,,,,,,,,,,,,,,,,,,,,,,,,,,
FIN,,,,,,,,,,,,,,,,-7.2560130524,-3.4957138256,-0.295546228,1.875268835,-0.3659176994,-2.6129551894,-0.9110765566,-1.7471854143,-2.2038415752,-0.0389899229,-1.4419560409,-0.9421661717,-1.8893875906,-2.4691146513,-4.8688319821,-4.9197178403,-5.3238134516,-4.54240871,-1.2716312835,1.0747453564,3.8981984177,3.7869818069,5.2295490235,5.4799377403,5.9491392793,8.3849384919,9.3441670274,8.6545264691,4.9886688529,6.3741854777,3.8097110127,3.7905248258,3.89221384,2.1678235571,2.0363593979,1.278321866,-1.7904878365,-1.9552988075,-1.5972357174,-1.3128432813,-0.599752711,-1.0773741367
FJI,,,,,,,,,,,,,,,,,,,,-5.7624335367,-1.4547744949,-13.0473123985,-7.05613041,-4.930736221,-1.5612060938,1.6407792043,1.2998955348,2.3205800525,6.3556903153,0.6327243592,-7.0302634695,-4.9315818036,-4.0003718765,-8.4435237831,-6.1778618811,-5.7200275429,0.6358768407,-1.6308045954,-3.6151229381,0.6535352176,-1.514484627,-4.072227924,0.8545579236,-2.2672621688,-9.2114745574,-6.8357637655,-16.3094609938,-11.3653395007,-14.9413335326,-4.3288557228,-4.7589853426,-5.1664551052,-1.4340487308,-9.7118838649,-7.5839275545,-1.6493403703,
FRA,,,,,,,,,,,,,,,,0.7570033796,-0.8987998415,-0.0984545187,1.3899939147,0.8348841873,-0.5981789813,-0.7789669414,-2.0588637784,-0.9193721446,-0.1644609005,-0.0062316516,0.3137267795,-0.4737832908,-0.4512838262,-0.4534423152,-0.7797556512,-0.5110099521,0.2763797158,0.6758754518,0.5290440754,0.6733579062,1.2736980503,2.5878627977,2.4953393467,3.3790054883,1.1782570569,1.5161831874,1.1754923425,0.8648007178,0.4319039969,-0.0062043226,0.022212552,-0.327603991,-0.9640421818,-0.8188630872,-0.8324761676,-1.0301469443,-1.2264077799,-0.8681252148,-1.104590753,-0.1998396183,-0.9227198203
FRO,,,,,,,,,,,,,,,,,,,,,,,,,,,,,,,,,,,,,,,20.2561503037,15.6420386604,9.336935938,12.6591069496,9.9129176952,-0.4411976723,7.7022458781,1.8014459514,1.0781179997,-3.5365006628,-1.2671320394,-1.0914682388,6.2696693851,7.8705619384,,,,,
FSM,,,,,,,,,,,,,,,,,,,,,,,,,,,,,,,,,,,,,,,,,,,,,,,,,,-13.7847198074,-8.3547306992,-14.2517503928,-7.3141575864,-0.6883825702,7.0448200407,,
GAB,,,,,,,,,,,,,,,,,,,3.0916172107,8.1725100838,8.9692545897,10.442115293,8.5507612078,2.8878743326,3.1641177227,-4.865044985,-31.0681259014,-13.6844773326,-16.052009438,-4.5907899663,2.8174750093,1.3843318133,-3.006228627,-1.1210866894,7.5727537865,10.3786085974,15.60608257,9.9751379721,-13.2831007617,8.3720998787,19.7518160189,10.3088640897,6.3655125893,11.7879017461,11.919101337,20.9641092076,,,,,,,,,,,
GBR,,,,,,,,,,,1.5078970529,1.8343277177,0.3138021082,-1.2525474676,-3.6134497244,-1.4332884461,-0.5933585789,0.05513511,0.6441190647,-0.1782795706,1.2146243489,2.6123898595,1.550281607,1.0807797344,0.3972860796,0.6773700249,-0.2200927953,-1.6895094108,-3.881471694,-4.6509063162,-3.5503118456,-1.6644994653,-1.9670259552,-1.6696148711,-0.8790815356,-1.0177092326,-0.7414761445,-0.0912536931,-0.3247792128,-2.4156207544,-2.1387475856,-1.9340588413,-1.9993725526,-1.6603103366,-1.7540325323,-1.2048975033,-2.2360424164,-2.4564178421,-3.5240714169,-2.9037711599,-2.7510476032,-1.7756001643,-3.669077201,-4.409583955,-4.658023529,-4.284049119,-4.4113147373
GEO,,,,,,,,,,,,,,,,,,,,,,,,,,,,,,,,,,,,,,-14.6473158394,-7.6297216287,-7.0856527571,-5.7561946333,-6.1248117426,-6.3904592483,-9.5801546461,-6.9464113986,-10.8378058812,-15.3686128572,-19.5731816546,-21.9640881505,-10.5905329853,-10.2928119697,-12.762605659,-11.6931987544,-5.7908032557,-10.6038801065,-11.9539805435,
GHA,,,,,,,,,,,,,,,,0.6253895604,-2.6776477081,-2.5003878456,-1.2543515273,3.0719532851,0.6793802165,-9.927474112,-2.6580766081,-4.2433577163,-0.8793639838,-2.9726871417,-1.4896284752,-1.9291286863,-1.2909206025,-1.7879705785,-3.7900046491,-3.8209692243,-5.877857557,-9.3660081093,-4.6762267051,-2.2226905066,-4.4246672899,-5.8546790426,-6.9740966698,-12.4919765984,-7.7546801208,-8.0428057324,-1.7066480757,1.3323006676,-6.6452403843,-10.2930225615,-5.1744872495,-9.6078256514,-11.6641835757,-7.303012543,-8.5388015131,-8.9503349379,-11.7113624687,-11.9318612229,-9.5673400786,-7.4827926111,
GIB,,,,,,,,,,,,,,,,,,,,,,,,,,,,,,,,,,,,,,,,,,,,,,,,,,,,,,,,,
GIN,,,,,,,,,,,,,,,,,,,,,,,,,,,-6.4433549386,-1.8735874097,-9.2907936746,-7.3893021789,-7.611894121,-9.5797838557,-7.9978681838,-1.7318970236,-7.3297059889,-5.860759444,-4.5817141752,-2.4070319673,-4.3046310516,-5.808442535,-4.6769053174,-2.1004475793,-6.767835649,-5.3754389815,-4.4281108485,-5.4591788252,-7.5504197198,-10.9959106633,-9.7038754649,-8.7498193318,-6.9031461855,-22.9186400384,-18.3267671185,-18.6296717157,,,
GMB,,,,,,,,,,,,,,,,,,,-27.3487364046,-17.8871816338,-37.5708825898,-19.9435671304,-9.9287276766,-14.7746801943,3.72641376,3.4057766576,1.6651898469,6.455663666,12.0964392742,5.4593673757,7.6239921806,1.7322394718,5.343405646,-0.6841258746,1.0850429239,-1.0354898761,-5.5502033817,-2.8562305168,,,,,,0.5411964201,-5.2388700513,-6.9518297042,-10.0142192846,-7.3112367705,1.1238829424,6.994718758,5.90713761,12.1413330961,6.3579880732,,,,
GNB,,,,,,,,,,,,,,,,,,,,,,,-48.0293948605,-44.0158231594,-47.299624494,-52.6914877549,-38.3182897406,-25.9439391612,-33.9296107078,-37.6277868908,-18.5651867232,-29.3201757465,-42.8533883849,-26.1646348643,-19.4974964018,-13.852197762,-16.4448030006,-2.3757125239,,,,-2.838065734,-0.3049979628,-0.06031559,2.6104420074,-1.7866395546,-6.7714290009,-4.4062557164,-3.330528713,-5.7651669295,-8.3643759915,-1.2709725722,-8.361135086,-5.1145079183,,,
GNQ,,,,,,,,,,,,,,,,,,,,,,,,,,,,-25.9287140393,-16.4506693162,-23.7875569121,-16.9395656299,-36.7145095638,-7.8500360521,2.0896242048,-0.3787843543,-86.9941807626,-147.9973038083,,,,,,,,,,,,,,,,,,,,
GRC,,,,,,,,,,,,,,,,,-2.9820715721,-2.9715642215,-2.1572071777,-3.4617016616,-3.8870545155,-4.6001158826,-3.4640600177,-3.7993988093,-4.4398144511,-6.8505681794,-2.9727067711,-1.862831304,-1.2562076325,-3.2348502422,-3.6131990832,-1.4967202019,-1.8412613639,-0.6865237213,-0.125212473,-2.0923686327,-3.1221374231,-3.39485993,,-5.1177653246,-7.5458463106,-6.9020020439,-6.2286227502,-6.3407474305,-5.6028744076,-7.3585264246,-10.8171992433,-13.9992370758,-14.4762983332,-10.8827698089,-10.1132320789,-9.9315758856,-2.512361919,-2.0622311379,-1.5824033457,0.1116948318,-0.5811994142
GRD,,,,,,,,,,,,,,,,,,1.8286826196,1.1867298791,-1.0867211521,0.2441295085,-11.9944848172,-14.1117135186,-11.3047029073,2.6110860673,1.6539078423,-10.1739078609,-13.5773457167,-11.7493067008,-13.5871554173,-16.6261210745,-15.9830782069,-10.4438176994,-14.0981468031,-8.6534332584,-12.218224583,-15.4008300614,-17.6170961446,-18.2799850269,-11.5657809675,-16.9401477709,-19.7664312101,-23.2352735745,-24.6925391871,-10.9666074274,-27.7927708967,-32.4546931601,-31.8654586426,-30.50484,-25.5631758233,-26.4459470956,-26.5855986777,-24.1539097102,-25.2597060691,,,
GRL,,,,,,,,,,,,,,,,,,,,,,,,,,,,,,,,,,,,,,,,,,,,,,,,,,,,,,,,,
GTM,,,,,,,,,,,,,,,,,,-0.644101792,-4.4559020704,-2.9785876922,-2.0726769645,-6.6534996229,-4.578410161,-2.4740330398,-3.985216431,-2.5335200005,-0.2433640596,-6.2461183727,-5.2795328872,-4.3646656846,-2.7829609837,-1.9529884249,-6.7609488662,-6.1552942297,-4.8162108491,-3.9036572596,-2.877220007,-3.5609701236,-5.3574387687,-5.6003455518,-5.4414640313,-6.699018458,-5.9435614454,-4.7413077241,-4.8586963914,-4.5605923939,-5.0411413096,-5.2343516981,-3.6126865564,0.7230577962,-1.3625483956,-3.354691788,-2.5990437445,-2.5089700297,-2.0941631323,-0.1511740345,1.3223632117
GUM,,,,,,,,,,,,,,,,,,,,,,,,,,,,,,,,,,,,,,,,,,,,,,,,,,,,,,,,,
GUY,,,,,,,,,,,,,,,,,,-21.6789836852,-5.831156319,-15.6289044598,-21.3046757248,-32.1724658909,-29.3183213393,-32.1841278737,-22.2166974861,-21.3066746943,,,,,,,-37.620148055,-31.705499241,-23.1005343564,-21.6794068488,-4.6356282671,-8.4230140768,-7.7487975503,-7.1248139037,-11.534124152,-13.0550651852,-8.6233042058,-6.0113541045,-2.5340532343,-11.6705382325,-12.3858471251,-9.5198350185,-16.7150705612,-11.3839828983,-10.9040642409,-14.4488147273,-12.8604111907,-15.2517993939,-12.5177771688,-4.5361070308,
HIC,,,,,,,,,,,,,,,,,,,,,,,,,,,,,,,,,,,,,,,,,,,,,,,,,,,,,,,,,
HKG,,,,,,,,,,,,,,,,,,,,,,,,,,,,,,,,,,,,,,,1.6991320328,6.4339880453,4.3949719214,6.1342714367,7.8924076682,10.7871303933,9.9481189084,11.8822692389,12.6876656291,13.0221966459,14.9909256312,9.8836541742,7.0033028103,5.5564178789,1.5791590734,1.5200321053,1.3920140392,3.3173670203,
HND,,,,,,,,,,,,,,,-10.0483325257,-9.9733096085,-7.7707718016,-7.7088951096,-8.1471886019,-8.5320899074,-12.3460636721,-10.7359460897,-7.8612146399,-7.1238220202,-9.5344983429,-6.0488865071,-3.0759961822,-3.9487233872,-2.7899521797,-4.7781383734,-1.6858642418,-5.6184815496,-7.5449904255,-8.8656180087,-10.0018745756,-5.1367238116,-8.3142516174,-5.8372009589,-2.8391748772,-4.4839096711,-7.1550807903,-6.3266605448,-3.62145871,-6.7911798726,-7.7904222138,-3.146424151,-3.7256979386,-9.0925722814,-15.445236305,-3.8159723672,-4.3028016434,-7.9540713084,-8.5314535726,-9.5272939641,-7.3102036767,-6.1955771813,
HPC,,,,,,,,,,,,,,,,,,,,,,,,,,,,,,,,,,,,,,,,,,,,,,,,,,,,,,,,,
HRV,,,,,,,,,,,,,,,,,,,,,,,,,,,,,,,,,,,,-6.4405728547,-4.6094483543,-10.4927105869,-5.3840969638,-6.4242965342,-2.3114739031,-2.8685464377,-6.9270283941,-6.1455254742,-4.330188764,-5.4577775986,-6.4339637151,-7.2419938888,-8.816458557,-5.0365014458,-1.4990331579,-0.6036263312,-0.3681459711,0.9813112797,0.7849646753,5.1186321504,
HTI,,,,,,,,,,,,,,,,,,,,,,,,,,,,,,,,-2.6347587174,0.3216474198,-0.6298403275,-1.0790890151,-3.0949272718,-4.7366868109,-1.4285931841,0.7709651519,-1.4401527803,-2.8885845592,-3.6675074601,-2.5617807488,-1.5126813975,-1.7632820576,0.1635131666,-1.7877491957,-1.4574054744,-3.1276418661,-1.8556140061,-1.5375408176,-4.3053226924,-5.4643395324,-6.3556036032,-9.135767499,-2.6833041127,
HUN,,,,,,,,,,,,,,,,,,,,,,,,,,,,,,,,1.1635071495,0.9113219655,-10.6545502961,-9.4183627435,-3.4066867729,-3.7240037484,-4.11830445,-7.1204819276,-7.9086963654,-8.4646598774,-5.8375851567,-6.3980402666,-8.0316246967,-8.5329253649,-7.0019676657,-7.0722138785,-7.1481539656,-6.9496125079,-0.7634192821,0.2658969111,0.8082932553,1.7190168617,3.7825677162,2.0268263767,3.2747335501,4.8691518486
IBD,,,,,,,,,,,,,,,,,,,,,,,,,,,,,,,,,,,,,,,,,,,,,,,,,,,,,,,,,
IBT,,,,,,,,,,,,,,,,,,,,,,,,,,,,,,,,,,,,,,,,,,,,,,,,,,,,,,,,,
IDA,,,,,,,,,,,,,,,,,,,,,,,,,,,,,,,,,,,,,,,,,,,,,,,,,,,,,,,,,
IDB,,,,,,,,,,,,,,,,,,,,,,,,,,,,,,,,,,,,,,,,,,,,,,,,,,,,,,,,,
IDN,,,,,,,,,,,,,,,,,,,,,,-0.6618471607,-5.9051592401,-7.8196439801,-2.1872941311,-2.2546740056,-4.8915582087,-2.7630851662,-1.6571733198,-1.1730897295,-2.8151305106,-3.6528272009,-2.1714175336,-1.3328548701,-1.5783629154,-3.1815838591,-3.3702822738,-2.2660591852,4.2924639876,4.1306018458,4.8430645285,4.3010485314,3.9985269078,3.4530428767,0.6085613299,0.0970882466,2.9787086909,2.427264127,0.0246933253,1.9697705502,0.6812772844,0.1887039533,-2.6602736041,-3.189964829,-3.0881690763,-2.0340917711,-1.7534733349
IDX,,,,,,,,,,,,,,,,,,,,,,,,,,,,,,,,,,,,,,,,,,,,,,,,,,,,,,,,,
IMN,,,,,,,,,,,,,,,,,,,,,,,,,,,,,,,,,,,,,,,,,,,,,,,,,,,,,,,,,
IND,,,,,,,,,,,,,,,,-0.1518299564,1.5578831424,1.7680002064,0.5110977483,0.0333466063,-0.9710221093,-1.4134087499,-1.2742743851,-0.8994356623,-1.1040415399,-1.80488115,-1.8593229329,-1.8782979268,-2.4410236955,-2.3323948809,-2.2215704303,-1.6103930947,-1.5772831493,-0.680698119,-0.5191174089,-1.5650079966,-1.5364496637,-0.7226538155,-1.6604745527,-0.7130600459,-0.9956249094,0.2944223734,1.3894759774,1.4630777373,0.1115060956,-1.2712980113,-1.0104197868,-0.6723516242,-2.6093698323,-1.9779166809,-3.2907953509,-3.4292882641,-5.0048889822,-2.6456662428,-1.3419656951,-1.0634225799,
INX,,,,,,,,,,,,,,,,,,,,,,,,,,,,,,,,,,,,,,,,,,,,,,,,,,,,,,,,,
IRL,,,,,,,,,,,,,,,,,,,,,,,,,,,,,,,,,,,,,,,,,,,,,,-3.3778465156,-3.3849879473,-5.1289740158,-5.5641521856,-2.1213278409,1.0475514701,1.175343234,4.0940838773,6.0340520637,3.478479892,10.2098379206,4.879557826
IRN,,,,,,,,,,,,,,,,,11.2555532835,3.4937912072,0.1333430492,13.2401277129,-2.5836596087,-3.4288791691,4.5518512148,0.2289512624,-0.2551197596,-0.2641749426,-2.4653917131,-1.559585153,-1.5187977263,-0.1585110084,0.2619913859,,,-6.6124261319,6.8985233862,3.4827079082,4.3453730439,1.9426055578,-1.9396625593,5.7576541401,11.3886353724,,,,,,,,,,,,,,,,
IRQ,,,,,,,,,,,,,,,,,,,,,,,,,,,,,,,,,,,,,,,,,,,,,,-6.6768237832,4.116346194,17.4688441904,21.6089269713,-1.0106496136,4.6841275738,14.0651667276,13.5508561277,9.6272989035,10.4103855263,2.2941968189,
ISL,,,,,,,,,,,,,,,,,-1.4199841168,-2.173777628,0.7897859593,-0.6535199291,-2.2381774587,-4.1885412774,-8.0672995457,-2.0153984942,-4.5916901458,-3.8192894907,0.4002792105,-3.3834143143,-3.7553878607,-1.7835666361,-2.0482745707,-3.8636166226,-2.2457237373,0.5878694,1.7949688898,-0.6491145292,-3.1333201644,-3.1586676694,-7.2955339303,-5.8110369506,-8.9848323301,-4.8268279926,0.7333357222,-3.9102695213,-9.2691113288,-14.0135431873,-20.6740856205,-16.3126076664,-23.522586216,-5.1918898804,-2.3269163575,-4.1256937422,-6.3623642224,6.0476041223,3.9158322992,5.4717387664,8.1421305089
ISR,-1.5778333654,-3.2818225267,0,0,0,-5.186533212,-4.0201005025,-0.4962779156,-3.9835462221,-7.4118088566,-9.8441738021,-9.3134532405,-2.8814407204,-5.4168386298,-11.1752614175,-13.9850836009,-5.469310976,-2.4739402363,-7.2238365972,-5.1697010564,-3.9799483926,-5.8524597583,-9.1978833015,-8.6456885389,-6.0582893946,4.0946637191,4.298328448,-3.9667691639,-1.9089472179,0.4672669652,0.3112954486,-2.1605438714,-1.3303691913,-3.7615138988,-4.616463036,-4.7912956391,-4.7110383285,-2.8585527046,-0.8524836096,-1.6219279487,-1.5536642887,-1.5536330073,-1.065134386,0.5005138393,5.0893318022,2.830558534,4.4321642071,3.0772267958,1.4677502392,3.8270992277,3.3601456621,2.5551435056,0.5761875693,3.3226419992,3.8271928461,4.5562070823,3.8463820753
ITA,,,,,,,,,,,0.7224128169,1.3015882665,1.3691810458,-1.6242248354,-4.1584862351,-0.2891201816,-1.2759988301,0.9128815062,1.927110712,1.5096214407,-2.221856648,-2.4167063756,-1.7372472709,0.1465248496,-0.7345625627,-0.9070425855,0.3799123258,-0.319885228,-0.8046220524,-1.3861173377,-1.3961947636,-1.9564749672,-2.2251865698,0.7285070039,1.2047991325,2.1435260316,3.053915793,2.6049523937,1.5878531794,1.1218147343,0.0587999265,0.5251464599,-0.2669071715,-0.5922663345,-0.3593252685,-0.9188422657,-1.4799857998,-1.3855502087,-2.7960916666,-1.8449606285,-3.4405794764,-3.0118606353,-0.3760854848,0.9743730826,1.8378904042,1.4313234464,2.5786834525
JAM,,,,,,,,,,,,,,,,,-8.8941028369,-0.3908056186,-0.8205867496,-4.3916910064,-5.0794774884,-10.298545667,-11.4837917823,-9.2583671402,-13.1493486958,-12.8851436774,-0.5828121259,-3.796532987,1.2406021561,-6.4112636379,-6.7962557952,-5.8974962615,0.8071613053,-3.7863961744,1.6626386373,-1.7112842928,-2.1923466557,-4.4588660156,-3.8287280178,-2.45913792,-4.1145094267,-8.3495463992,-11.0791944017,-8.2276743628,-4.9410114164,-9.5616019995,-9.9353726679,-15.8930510165,-20.4207598397,-9.3654158945,-7.079965887,-14.2875674904,-9.7294066332,-9.5040072731,-8.018342897,-3.0157137383,-0.7343270111
JOR,,,,,,,,,,,,,0.816662451,1.3222713699,0.2852031276,3.2806544352,2.1153891197,-0.7864306167,-11.0821796749,-0.1976853571,9.562688182,-0.8876946607,-7.1083651699,-7.9399831283,-5.330383291,-5.2159282362,-0.6210957747,-5.2077895781,-4.6792575589,9.1190882612,-5.4599456126,-9.058889845,-15.7253053316,-11.2220556865,-6.3802850557,-3.8443120576,-3.2022268118,0.404862421,0.1782582003,4.9690914206,0.3260048043,-0.2677335648,5.2315019122,11.7552972102,0.3434767706,-18.04190508,-11.4627542567,-16.8006654872,-9.3485000938,-5.2190747224,-7.1217460245,-10.2496193091,-15.2278960642,-10.4305245351,-7.2792446493,-8.8805342742,
JPN,,,,,,,,,,,,,,,,,,,,,,,,,,,,,,,,,,,,,1.4273527034,2.1622119179,2.8440113354,2.5016321698,2.6739631367,2.0034630888,2.6454002393,3.1352055831,3.7796079639,3.5774565708,3.8555899582,4.6893298438,2.8209312783,2.7846884603,3.8751611235,2.1047102691,0.9691267819,0.8995554929,0.7497106177,3.0602748799,3.791258743
KAZ,,,,,,,,,,,,,,,,,,,,,,,,,,,,,,,,,,,,-1.0459251424,-3.5701793427,-3.605984164,-5.5337086946,-1.0135845741,2.002567633,-6.2724504093,-4.1578022243,-0.8841992461,0.7773231585,-1.8136317694,-2.4689195522,-7.9850199405,4.6837778218,-3.5736907076,0.9359941695,5.2945108374,0.5084994364,0.5016565231,2.6905933731,-2.9631555464,
KEN,,,,,,,,,,,,,,,,-6.5931311106,-3.4105900387,0.8172482392,-12.4296210804,-7.9044040093,-12.0608416969,-8.1930469556,-4.7474796364,-0.7902784444,-2.0494696479,-1.874784251,-0.621487108,-6.2986158447,-5.6405360047,-7.1279975071,-6.1486422817,-2.6169581667,-2.1945600247,-4.5528303274,-6.2801673258,-17.4462045848,-7.9794202948,-13.6527924868,-18.6798241249,-18.3406997513,-1.5693507911,-2.4663225841,-0.894975399,0.8884503203,-0.8187030176,-1.3465583369,-1.9764689459,-3.2293696027,-5.5232963029,-4.5608777645,-5.9217303231,-9.1300665603,-8.4404002316,-8.8420081147,-10.3171897252,,
KGZ,,,,,,,,,,,,,,,,,,,,,,,,,,,,,,,,,,-4.3186016023,-4.9954581004,-14.1309080774,-23.2415099704,-7.83516137,-22.1096826976,-14.7114015596,-5.5548893903,-1.2453516146,-1.8259128053,-2.1973297319,1.3237546935,-1.5218282365,-10.0953913601,-5.9859605234,-13.8763703534,-4.314236854,-9.3454201094,-7.6973024525,-15.5252395286,-13.7584845645,-17.4198615364,-14.8633076442,
KHM,,,,,,,,,,,,,,,,,,,,,,,,,,,,,,,,,,-4.1015458934,-5.6100172394,-5.3963644307,-5.2727700031,-6.0956956457,-5.5626621693,-5.3325332248,-3.7244539621,-2.2057709684,-2.5048114708,-5.01128424,-3.4267285067,-4.8782968078,-3.214866732,-4.9000850022,-7.9210031114,-7.1277204022,-7.0944924429,-6.0527805289,-8.2719376881,-12.5650740826,-9.8744565018,,
KIR,,,,,,,,,,,,,,,,,,,,48.8699847601,6.2526255383,-8.6554105129,-6.5427466565,12.8307790017,29.1186591724,-5.3434969215,-8.1876413878,-9.8063873251,-4.2726994535,-3.7384713926,-23.0772511785,9.0216218469,-19.050093001,-8.7495133472,2.5214239679,,,,,,,,,,,,-13.0763361696,-5.4135904864,-6.5490260766,-13.4604971,-2.2032476289,-13.415049474,-4.4792819202,8.2656516835,24.0469936131,,
KNA,,,,,,,,,,,,,,,,,,,,,-3.9325784314,-5.942720238,-10.3366635971,-17.321571493,-4.5225311653,-6.2964045539,-7.1015692931,-11.4528571865,-16.6073202261,-20.7321214217,-22.5018062481,-16.9567017353,-6.5361988218,-11.7307586187,-8.7546348459,-15.16950735,-20.4170084801,-16.9116579346,-12.6878140782,-17.2305075078,-15.7443586159,-23.2950815477,-25.7902221838,-24.8559821637,-13.6062107643,-11.9153570477,-13.3774081341,-16.770518329,-27.5165349645,-24.9050736619,-19.6564735258,-13.5681560022,-11.5386604125,-7.9556187435,,,
KOR,,,,,,,,,,,,,,,,,-1.0409902034,0.0313601832,-2.0986208743,-6.2357312013,-10.5338773995,-8.8668935143,-7.1259553841,-4.0282942177,-1.8176466227,-2.0736369562,2.3907466698,6.0408529012,6.6282605193,1.7059776722,-0.8604279734,-2.3346026368,-0.6946699844,0.524458998,-0.9797346308,-1.753454003,-3.9844402106,-1.8448866859,10.7034938316,4.4530198553,1.8596303386,0.5065546351,0.7705164986,1.7453399404,3.8886328482,1.4090052249,0.3527583485,1.0505672927,0.3182637559,3.7245812322,2.6359449458,1.5514647361,4.157237256,6.215371507,5.9782450088,7.6614373763,6.9922202557
KWT,,,,,,,,,,,,,,,,49.3205680491,52.7668098782,32.26507647,39.5443481,56.7045242541,53.4302988986,54.6709155544,23.0018745752,25.4481658501,29.6244701426,22.3757787624,31.3682410891,20.3930736572,22.238367343,37.5784061987,21.0889314375,-240.5211922519,-2.2668811096,10.4366799041,13.0515355245,18.4466432647,22.5673078596,26.1403628526,8.5378741125,16.6311471031,38.9058805166,23.8562059583,11.1823918987,19.6845266965,26.0900839185,37.2169711355,44.619875424,36.0517574668,40.8690994711,27.3580937147,32.0477746647,42.9441585523,45.4541605103,39.901353457,33.1828882319,7.5273153095,
LAC,,,,,,,,,,,,,,,,,,,,,,,,,,,,,,,,,,,,,,,,,,,,,,,,,,,,,,,,,
LAO,,,,,,,,,,,,,,,,,,,,,,,,,-6.9146343487,-4.8169015125,-6.2526661027,-12.7015006193,-12.9724581509,-11.3858079888,-6.3427155972,-2.8791310469,-4.2915146277,-2.6887619034,-10.3847720312,-13.4218955057,-14.148691106,-11.7915627839,-5.9757322527,6.1673618101,-0.4892565663,-3.8068372199,0.470451535,-1.4681800961,-7.5319940223,-6.3528728209,2.181034084,3.301145997,1.4244127784,-1.0441712361,0.4111959976,-2.4974993633,-4.0492839932,-3.1489972586,-8.8808093813,-15.7360438323,
LBN,,,,,,,,,,,,,,,,,,,,,,,,,,,,,,,,,,,,,,,,,,,-23.7091629308,-25.5858580912,-21.0238551474,-12.9089505584,-5.1217906468,-6.5295633487,-14.2305904812,-19.1832851768,-19.8686159145,-12.1230170156,-22.1009168077,-25.8637353367,-25.5124770687,-17.2997070021,
LBR,,,,,,,,,,,,,,,,,,,,0.0428522933,0.1159216524,0.1918963191,0.0086091805,-0.2683398912,-0.002177796,0.1430690548,-0.0453226545,-0.3211883136,,,,,,,,,,,,,,,,,-33.6479701303,-33.3720694263,-28.6102831988,-30.1964408583,-41.6809497806,-23.9961950555,-32.1219221926,-48.8970350211,-27.6543173767,-27.5247233049,-80.0513657403,-42.2628550082,
LBY,,,,,,,,,,,,,,,,,,,,,,,,,,,,,,,7.6157630745,-0.6847099035,4.1532925249,-4.4550007962,0.0923130283,6.5461129515,4.4384259905,5.1032093031,-0.7675823793,5.9371748667,16.3835016835,9.768377907,3.3883592188,12.9522903034,13.9362270373,31.5733998579,40.3370065653,42.2273241912,40.9703166424,14.8831507734,22.4688056333,9.2001602674,,,,,
LCA,,,,,,,,,,,,,,,,,,-12.478492303,-22.5282337538,-22.6730805954,-22.7550144677,-23.6946917143,-16.8532562899,-2.4900580769,-6.1563048014,-5.1808532244,-2.306426979,-4.473393609,-4.8875326892,-15.2241882045,-11.7869568392,-13.9849371579,-9.884910374,-8.7272487371,-8.0628883066,-5.6551714805,-8.7352427783,-11.6245867423,-8.1565806377,-14.303893416,-12.0898538227,-14.46286074,-14.165006183,-17.9100095879,-10.2052844636,-13.6112315969,-29.0782843882,-29.9571002758,-28.6300461885,-11.5790628931,-16.3262939194,-18.9503868846,-14.0844020089,-7.6117690108,,,
LCN,,,,,,,,,,,,,,,,,,,,,,,,,,,,,,,,,,,,,,,,,,,,,,,,,,,,,,,,,
LDC,,,,,,,,,,,,,,,,,,,,,,,,,,,,,,,,,,,,,,,,,,,,,,,,,,,,,,,,,
LIC,,,,,,,,,,,,,,,,,,,,,,,,,,,,,,,,,,,,,,,,,,,,,,,,,,,,,,,,,
LIE,,,,,,,,,,,,,,,,,,,,,,,,,,,,,,,,,,,,,,,,,,,,,,,,,,,,,,,,,
LKA,,,,,,,,,,,,,,,,-2.9021776437,-0.1655071093,3.4643069094,-2.3990579805,-6.7261521132,-16.2823508695,-10.0643587787,-11.4981206133,-9.0171927913,0.0145430996,-6.9992975801,-6.5114813533,-4.879478333,-5.6527341924,-5.9208818672,-3.7136484615,-6.6083443646,-4.6445676126,-3.6970262124,-6.4638791595,-5.9091099485,-4.9119998276,-2.6151685555,-1.4413456484,-3.585441007,-6.3902969436,-1.368518088,-1.4292594594,-0.3745412485,-3.134031153,-2.6637720443,-5.297103266,-4.33041497,-9.5431986827,-0.5103857938,-1.8951359727,-7.0688102664,-5.8583839484,-3.4185281623,-2.5047542438,-2.4915932152,
LMC,,,,,,,,,,,,,,,,,,,,,,,,,,,,,,,,,,,,,,,,,,,,,,,,,,,,,,,,,
LMY,,,,,,,,,,,,,,,,,,,,,,,,,,,,,,,,,,,,,,,,,,,,,,,,,,,,,,,,,
LSO,,,,,,,,,,,,,,,,-0.72331972,-23.131766335,-4.7592623397,3.1925349411,0,13.0520974868,0.9842201895,6.3326106446,10.5287166086,1.9369228764,-4.4982140944,-0.8781521815,5.8712530926,-5.2320239016,2.0906582225,10.9012617282,11.8011806476,4.5256283405,3.5105058845,12.3135037995,-32.2430920271,-31.9748907752,-26.9739793155,-30.1827624194,-24.1883845801,-8.5855326233,2.523231136,6.6052763562,3.839942754,6.6661403255,9.8519360218,15.7387211582,20.4993351187,18.4478216574,2.9605197755,-6.6131432961,-7.5532776475,-14.079787362,-6.6217702414,-5.3407770797,-3.5958022067,-9.1198035418
LTE,,,,,,,,,,,,,,,,,,,,,,,,,,,,,,,,,,,,,,,,,,,,,,,,,,,,,,,,,
LTU,,,,,,,,,,,,,,,,,,,,,,,,,,,,,,,,,,,,-7.8056409092,-8.6177770408,-9.6967478569,-11.5495624368,-10.8821034078,-5.8487315286,-4.681289945,-5.0474713017,-6.7988174259,-7.632169483,-7.2395329839,-10.6063365139,-15.1383216571,-13.7215734454,2.2667670414,-0.3212217163,-3.8700056843,-1.1910584047,1.5622478848,3.5048702271,-2.3591545031,-0.9312738152
LUX,,,,,,,,,,,,,,,,,,,,,,,,,,,,,,,,,,,,,,,,7.4154640322,11.7502867724,7.7721229293,8.9078294949,6.5814763673,11.9433553205,10.9968347905,9.9290284173,9.8083593396,7.7982426554,6.8999924231,6.737416716,5.9737650154,5.839919807,5.5288149207,5.020570428,5.1019429179,4.650361922
LVA,,,,,,,,,,,,,,,,,,,,,,,,,,,,,,,,,,,,-0.2792496706,-4.6864473495,-5.2874366737,-9.0523254104,-8.6855662476,-3.6628577622,-5.9957925129,-5.469885874,-7.2223807357,-11.6782791868,-11.7447580068,-21.0730282821,-20.8013703208,-12.5933867605,7.9045333543,2.0812158219,-3.1841223667,-3.6291324318,-2.7186569512,-1.9904498739,-0.7817360978,1.4565767777
MAC,,,,,,,,,,,,,,,,,,,,,,,,,,,,,,,,,,,,,,,,,,,32.1246776063,31.1252845794,33.2641380613,23.9951678561,14.7420587535,21.6355060337,16.0334518958,28.165560194,39.4299621854,40.9906165883,39.2605220789,40.2435376601,34.2027336048,25.4483293015,
MAF,,,,,,,,,,,,,,,,,,,,,,,,,,,,,,,,,,,,,,,,,,,,,,,,,,,,,,,,,
MAR,,,,,,,,,,,,,,,,-5.6082126256,-14.2742064886,-16.5147733409,-9.9068757466,-9.4417559918,-6.4737134347,-10.2747236015,-10.5532673371,-5.4502455627,-6.6388868604,-5.9405659248,-1.0719651819,0.8348684537,1.839224132,-2.9920365038,-0.6480277841,-1.2799972845,-1.28343704,-1.646990637,-2.0304910629,-3.0384500505,0.0810760817,-0.2228086982,-0.3439393201,-0.4008056789,-1.2220652861,4.0828172133,3.4967108199,3.0381481151,1.6260743946,1.669099819,2.0559695949,-0.1543958433,-4.8952669104,-5.3514252426,-4.2107982365,-7.8914481537,-9.7401316703,-7.3428251119,-5.7035726436,-2.1479532211,-4.4666020219
MCO,,,,,,,,,,,,,,,,,,,,,,,,,,,,,,,,,,,,,,,,,,,,,,,,,,,,,,,,,
MDA,,,,,,,,,,,,,,,,,,,,,,,,,,,,,,,,,,,,-4.8266495181,-11.3165331472,-14.2424782323,-20.4154053225,-5.7978191751,-7.620907984,-1.8086567038,-1.1914660928,-6.5692310539,-1.775438431,-7.5563730342,-11.3377084788,-15.2482730771,-16.1123243875,-8.9198815095,-8.2846103425,-12.1443885943,-8.7358597153,-6.4678444573,-7.12840629,-6.3695132626,-4.0977755168
MDG,,,,,,,,,,,,,,,-2.066942003,-2.4362077494,-1.2889594689,-0.6418894204,-2.9728924471,-12.3023029735,-13.7631716731,-10.0929311131,-8.4889143493,-7.0364666475,-6.5759678829,-6.422587909,-4.3782493456,-5.4888241551,-6.1410550634,-3.3566501293,-8.5991373411,-8.659668216,-6.5351757882,-7.6593627923,-9.3057242783,-8.7338245013,-3.820875255,-5.6919937028,-7.7396136805,-6.0389906369,-6.7173406569,-3.09220115,-10.8483413039,-5.991008226,-9.1431082642,-13.7857746057,-10.6551325779,-12.2044595068,-18.9468046791,-21.0999292154,-10.1685134235,-7.0152959156,-7.6478858162,-5.8681632054,,,
MDV,,,,,,,,,,,,,,,,,,,,,-52.2800998129,-45.107956226,-39.8449228979,-41.846946284,-14.8853626943,-4.3254319894,-0.2080120536,5.7025552031,5.3628681999,5.6029738478,4.5813183195,-3.6749203048,-6.8942944343,-16.692941567,-3.1216584597,-4.5520573407,-1.6532534628,-6.8289803723,-4.047918547,-13.3953146588,-8.2454312743,-6.748446933,-3.9670400143,-2.9994515957,-10.1747819939,-24.3800509475,-20.477079879,-15.4038728984,-28.9912129791,-10.2747736245,-8.4394108027,-15.6532743742,-7.3260181744,-4.5576789178,-3.8078313412,-9.4811224135,
MEA,,,,,,,,,,,,,,,,,,,,,,,,,,,,,,,,,,,,,,,,,,,,,,,,,,,,,,,,,
MEX,,,,,,,,,,,,,,,,,,,,-4.0203559919,-5.3623020142,-6.4938435138,-3.3899212236,3.9404324065,2.3816822976,0.4336675498,-1.0638117512,3.0278686664,-1.2962458632,-2.6123766401,-2.8362096429,-4.7345574138,-6.7220510984,-4.6431995586,-5.6250815663,-0.4585436449,-0.6310319256,-1.5950188168,-3.1857233949,-2.4159981012,-2.7429938835,-2.4496236616,-2.0060934661,-1.1699418658,-0.910935971,-1.0449874232,-0.7784876501,-1.390509355,-1.8504570457,-0.9737811891,-0.5010219258,-1.196241612,-1.4346000996,-2.4543426497,-2.0180956836,-2.8971079389,-2.6633056788
MHL,,,,,,,,,,,,,,,,,,,,,,,,,,,,,,,,,,,,,,,,,,,,,,-1.8449370842,-4.3039692486,-5.4507408446,-3.6076103434,-17.296898599,-8.704294797,-3.3468948482,-10.5976356796,-15.1406824128,-2.6646602157,,
MIC,,,,,,,,,,,,,,,,,,,,,,,,,,,,,,,,,,,,,,,,,,,,,,,,,,,,,,,,,
MKD,,,,,,,,,,,,,,,,,,,,,,,,,,,,,,,,,,,,,-6.5158202973,-7.3752872447,-7.8436395779,-1.7848888888,-2.7330728255,-6.3443407307,-9.4256386698,-3.7503614743,-7.9470069173,-2.5453357877,-0.4160809075,-7.2662296433,-12.470758724,-6.4835444436,-2.1079129072,-2.49367411,-3.2747876562,-1.6376388563,-0.6298760065,-2.0259689402,-3.1300770644
MLI,,,,,,,,,,,,,,,,-7.3610361651,-4.4968122689,0.514651757,-11.9435356137,-7.103813074,-7.0649273872,-9.0986482745,-8.6363742222,-7.9140659407,-9.6521896672,-15.0608653291,-13.7196635605,-10.2142583656,-11.1168740158,-6.88055638,-8.2457966638,-6.3331467098,-8.497762699,-6.6914636552,-7.8115608728,-10.4870211445,-9.3798089616,-6.614839928,-7.1288575409,-7.3550020179,-8.615821364,-8.9470024237,-3.8257315717,-5.7611022336,-7.5116305318,-7.0089898696,-3.1675488083,-7.1342928405,-10.9060647905,-6.432248819,-11.1430662053,-5.0579618207,-2.1913720288,-2.9239769298,-4.8259941999,,
MLT,,,,,,,,,,,,0.4641988482,7.6369610674,8.7872859229,1.3795255186,12.4845288804,10.4257199662,6.3970237233,9.1542403321,4.652636,3.1028073829,6.9460238689,1.0023636421,-0.4165535559,0.7480600413,-2.3072316834,0.4787443176,1.2891677497,3.0232437296,-0.446968284,-2.1889817677,-0.2679625258,1.0006664753,-3.1129972032,-4.3866039907,-11.0431470838,-11.8290856705,-6.1181560278,-5.9368394392,-3.2566727223,-11.1566118865,-3.4549689555,2.2652756736,-2.8640529877,-3.8109189027,-6.5410926149,-7.8503836122,-2.0214775848,-0.8654626294,-6.5384190985,-4.804269407,-0.1375820062,1.6448368592,2.8479469133,9.6982497957,5.3517098834,7.8951120014
MMR,,,,,,,,,,,,,,,,,,,,,,,,,,,,,,,,,,,,,,,,,-2.359569876,-2.3463599474,1.4102455202,-0.182395916,1.0434016828,4.8537903388,5.4741068781,6.8412855961,3.9137746053,2.6716653065,3.1774947585,-2.6028541721,-2.1088616899,-0.6462073068,-2.8933682478,-3.9837007218,
MNA,,,,,,,,,,,,,,,,,,,,,,,,,,,,,,,,,,,,,,,,,,,,,,,,,,,,,,,,,
MNE,,,,,,,,,,,,,,,,,,,,,,,,,,,,,,,,,,,,,,,,,,,,,,,,-39.9133103637,-49.948062563,-27.7754004536,-23.0086760431,-17.4345357592,-18.817816178,-14.5382666248,-15.2296577513,-13.2481757982,-18.7909493217
MNG,,,,,,,,,,,,,,,,,,,,,,-34.9552103631,-33.1256605379,-30.2340288464,-35.2593415099,-37.205486531,-36.6206663617,-32.794683037,-32.2456668149,-33.2801523347,-24.173831089,-3.9701249442,-3.6611692201,5.0038935748,4.9945070564,2.6787589468,-2.7420276483,5.7564595755,-6.7233452439,-5.4652108475,-6.1454787585,-4.8659385264,-7.5298754055,-6.1849966691,3.1627634368,3.4678536453,10.900689496,4.0563717301,-12.2725747423,-7.701936667,-12.3162163093,-43.3455183604,-43.7712346806,-37.6076656286,-15.82087807,-8.0779152683,
MNP,,,,,,,,,,,,,,,,,,,,,,,,,,,,,,,,,,,,,,,,,,,,,,,,,,,,,,,,,
MOZ,,,,,,,,,,,,,,,,,,,,,,,,,,,,,,,,,,,,,,,,,,,,,,-9.8473288817,-9.0883204379,-8.393490525,-9.9801576533,-11.2373669824,-16.5393097522,-25.3508438689,-46.7169904383,-39.03804972,-34.179011381,-39.416274001,
MRT,,,,,,,,,,,,,,,,-13.2787206589,-16.3887168382,-22.6083006908,-14.3660025682,-15.0511973557,-18.7933015049,-19.6699200014,-36.8649964806,-27.0204025629,-15.2274913826,-16.9839542232,-24.1957342286,-16.1812130624,-10.0146752821,-1.893536839,-0.9441652946,-2.069240305,-8.0766588022,-13.9217946275,-5.308198461,1.5621197602,6.3276764134,3.4116161722,5.6174172778,,,,,,,,,,,,,,-23.4634884441,-22.0424321261,-27.323097807,-19.7337495803,
MUS,,,,,,,,,,,,,,,,,-4.9748296124,-9.4238298058,-11.4890120736,-11.9784566078,-10.305113895,-12.7975811959,-3.7963999871,-1.7477307901,-4.8889198132,-2.7325357039,6.4045853751,3.4451865525,-2.621204215,-4.7256043191,-4.4954461871,-0.5814352145,-0.0039856558,-2.8198357317,-6.5221358549,-0.5409504175,0.7685974362,-2.1241973549,0.0789673898,-2.894242026,-0.806111492,6.0857167016,5.2312006534,1.6609535844,-1.7506074749,-5.1553408822,-8.5990494664,-5.3242646329,-9.7670466275,-7.1747497411,-10.0540447638,-13.5461524497,-7.0917334892,-6.1854707096,-5.5786206628,-5.0274748417,
MWI,,,,,,,,,,,,,,,,,,-7.6648351648,-18.4463594355,-25.1012145749,-20.9771602477,-11.7612782039,-9.4651181067,-10.6957604601,-3.45574128,-11.1719929907,-7.1686885945,-5.1225201453,-6.2944578231,-3.2221161041,-4.5826179082,-10.333160488,-15.8323311555,-7.9953049982,-15.2887151145,-5.5843730438,-6.4631042222,-10.3712054448,-0.2499681728,-8.8712032696,-4.2154287566,-3.4926192839,-5.7410443044,-7.7592392473,-10.9027531804,-13.8600586676,-7.6683523762,-9.4316351923,-13.0312091272,-8.7811254353,-13.9270893439,-14.203048011,-12.352550316,-22.3990544238,-18.6389063343,-11.2172747684,
MYS,,,,,,,,,,,,,,,-5.6698659006,-5.2831815946,5.3018146588,3.4013835779,0.7759982868,4.437275503,-1.0861492331,-9.8744003537,-13.3756607617,-11.4746097775,-4.8811200082,-1.9232928838,-0.3659465473,8.0025914503,5.2939602916,0.809619506,-1.9759842022,-8.5115398734,-3.6630490882,-4.4711544341,-6.0690923393,-9.7441839187,-4.4241201007,-5.9349355444,13.2034746285,15.9239741194,9.0499184907,7.8535593441,7.1294740248,12.142350556,12.0877483129,13.9199994956,16.1038501796,15.3812595681,16.8596518142,15.7230001693,10.0557447117,10.9049942367,5.1887767403,3.4661362917,4.3915521335,3.0240020365,
NAC,,,,,,,,,,,,,,,,,,,,,,,,,,,,,,,,,,,,,,,,,,,,,,,,,,,,,,,,,
NAM,,,,,,,,,,,,,,,,,,,,,,,,,,,,,,,0.9826580934,3.4883455818,1.4428536825,3.4239321908,2.346473176,4.4623302658,2.9341370975,2.2026096126,4.2294337353,-0.7228171769,4.8999755255,0.2971660752,2.554232168,5.3878768408,6.7550347268,4.5911107313,13.5655934468,8.5667231657,-0.1118427951,-1.4762572511,-3.4613170462,-3.0508472911,-5.7027461305,-4.0639851928,-7.4617105227,-13.3028288036,
NCL,,,,,,,,,,,,,,,,,,,,,,,,,,,,,,,,,,,,,,,,,,,,,,,,,,,,,,,,,
NER,,,,,,,,,,,,,,,-2.7093556983,1.1492872267,-1.8764225997,-7.4046990725,-11.3257876656,-6.5218891419,-10.990188955,-8.3603997588,-11.5390650255,-3.4293406958,0.0819107267,-4.4414401757,-8.1901724833,-7.9162571547,-10.1079206267,-11.7855602288,-9.508883747,-7.5679758642,-6.7876700918,-6.0489247078,-8.0698237923,-8.0636980169,-5.4725921096,-7.2021502121,-7.3375646869,-6.7967159542,-5.7904563154,-4.7427068266,-7.592279178,-8.0061730374,-7.5620038351,-9.1482649438,-8.6029855176,-8.1854111579,-12.0562240877,-24.4585432698,-19.8645537737,-22.3282967405,-14.7170541813,-15.0010481532,,,
NGA,,,,,,,,,,,,,,,,,,-2.819379087,-10.2779007002,3.5347281443,8.0645365814,-10.5997094154,-14.1675962089,-12.2189298284,0.4302717762,9.0169988927,1.0177040004,-0.303847061,-1.2738549402,4.4963429768,16.218203575,4.3900472694,7.7396005903,-4.9426226817,-11.7653722594,-9.0320621242,10.0230796164,1.539682006,-13.2591186304,1.409921616,16.0114243903,5.6136732333,1.8321524134,5.0115518455,19.1706476114,32.543031657,25.1101119243,16.6104262083,14.0101990724,8.1822990202,3.5525777683,2.5910382029,3.7692143221,3.6990838417,0.1581708568,-3.2767287747,
NIC,,,,,,,,,,,,,,,,,,-8.121053937,-1.1623951968,11.7943311938,-18.7919014635,-24.1638030423,-20.84647326,-18.4956906952,-19.2270717701,-28.7240226993,-23.92824831,-17.926816033,-27.1921715426,-35.6993136279,-30.2341219835,-17.7457864196,-42.8937974119,-34.404539746,-23.5791962313,-17.4492145578,-19.1435615894,-19.1519952168,-14.813299141,-19.1192738944,-18.3207308302,-15.4100585035,-15.0089591938,-13.2551615717,-11.8607869967,-12.3956399101,-13.1866248295,-15.2531648946,-17.0460847659,-8.5013365075,-8.9089353407,-11.930245732,-10.7472453341,-10.9141676043,-7.104114692,-8.9725697406,-8.5663464943
NLD,,,,,,,,2.4202523769,2.7100369806,2.4131036029,0.5124896812,1.1916897271,3.8897010484,4.5456365482,3.5295397604,2.4187572343,3.3282248499,1.1270758307,-0.5878195442,0.1971632402,-0.4437613378,2.361142452,3.2118994577,3.359214285,4.4906964391,2.9911421871,2.1776462436,1.7305409287,2.7582549491,3.9361907015,2.5738638206,2.3093151191,1.9106675397,3.7827845991,4.6205224878,5.7717935671,4.8243496767,6.0836378172,3.0131248869,3.5485357258,1.7595913348,2.2997909593,2.3674741746,5.2227048683,6.8056010298,6.1308362748,7.8675593763,5.9635696691,4.1609251717,5.8301536332,7.3913390825,9.0986317101,10.8023442915,9.8647641094,8.9364703506,8.8169617534,8.4004542459
NOR,,,,,,,,,,,,,,,,-7.5376952379,-10.4230468476,-12.173809736,-4.5528222625,-1.9713583534,1.6739574064,3.3598694815,1.019625626,3.1745493312,4.6437605363,4.6324237668,-5.745157663,-4.3502676038,-3.8161053877,0.2182085687,3.3268243169,4.1246156547,3.4171978204,2.921077539,2.9577340186,3.4418323439,6.7080890671,6.2198186682,0.0039622775,5.4586527381,14.6389674971,15.8305823706,12.4190174342,12.1081613892,12.4830941456,16.1852654044,16.1867629711,12.4056792686,15.7842981148,11.6901869093,11.7281104043,13.3398889123,12.4768989798,10.224806059,11.0295560328,8.7293966859,4.8760638684
NPL,,,,,,,,,,,,,,,,,1.2758872144,-0.1140046296,-1.604629643,-0.6144496934,-1.9964884586,-0.8395988131,-3.5657354984,-5.9485366873,-3.6870121931,-4.6418346914,-4.1816233775,-4.1705311954,-7.7846232353,-6.9013300367,-7.9721976284,-7.7625806474,-5.3309880525,-6.0791903862,-8.6526435251,-8.0977406877,-7.2231497675,-7.890015129,-1.3836622535,-1.563038657,-2.3779369582,-2.741568229,3.5562967753,2.847594088,1.3742220362,1.8830239637,1.6595018035,0.0548101107,5.8454856413,0.1665824959,-0.7974659929,1.5259127893,3.0604065871,6.0201856283,2.4807561471,11.4792254148,
NRU,,,,,,,,,,,,,,,,,,,,,,,,,,,,,,,,,,,,,,,,,,,,,,,,,,,,,,,,,
NZL,,,,,,,,,,,,,,,,,,,,,,,,,,,,,,,,,,,,,,,,,-3.3028487122,-0.7764402406,-2.0952038637,-2.4059917915,-4.5078809329,-6.9954108819,-7.0608631032,-6.7907968996,-7.7009026718,-2.4808483213,-2.3395823553,-2.8628666068,-3.9089563808,-3.0714671413,-3.1738169943,-3.1329965741,-2.7847307294
OED,,,,,,,,,,,,,,,,,,,,,,,,,,,,,,,,,,,,,,,,,,,,,,,,,,,,,,,,,
OMN,,,,,,,,,,,,,,,10.8883025821,2.7340517525,1.4248558223,10.0971683755,-1.8066559158,14.6956184993,15.7543197784,17.0342593308,6.4689198291,6.233804399,3.4330223251,-0.1012775476,-14.1980480242,10.0419527882,-3.6904946503,3.2578532579,9.4682721627,-2.210603559,-4.8058647841,-9.5261887538,-6.2307491801,-5.7997777695,1.5885833206,-1.0475170375,-22.4601787428,-2.9248610061,16.0421139642,10.7055473106,9.6373097135,6.7202038903,3.53974122,16.6576855493,15.2203780705,5.8503998319,8.2406343811,-1.0355014861,8.3290078216,13.0195392678,10.2177144374,6.6065176019,5.1686833191,-15.4759233985,
OSS,,,,,,,,,,,,,,,,,,,,,,,,,,,,,,,,,,,,,,,,,,,,,,,,,,,,,,,,,
PAK,,,,,,,,,,,,,,,,,-5.622801382,-4.8294852309,-4.0116589436,-5.6377718889,-3.6560148021,-3.2468245573,-2.5863257706,0.1507615386,-3.8004864708,-3.4264765726,-1.9939841848,-1.6680184035,-3.6969181882,-3.3308351981,-4.1524419136,-2.7862826411,-3.8574800266,-5.6345492279,-3.4919312452,-5.5227132876,-7.0057549416,-2.7415297448,-3.61461538,-1.460923727,-0.1149388374,2.5971605319,5.3300642718,4.2921599344,-0.8338626524,-3.2932700992,-4.9153434232,-5.4473609475,-9.2043163197,-2.3748820043,-0.7632174099,-1.0333005897,-1.0437481984,-1.9098812236,-1.4797785433,-0.5913302602,
PAN,,,,,,,,,,,,,,,,,,-5.6751328335,-6.4014870993,-8.3950781064,-7.1238371334,-10.2442899436,-3.3640867979,3.3542908174,-3.271669666,1.1480517264,-1.4548751424,7.9807661339,12.2213530654,1.8839329044,3.2499389568,-3.4079301588,-3.2851144761,-1.0896563556,0.1697758461,-4.9154915141,-2.0323197603,-4.7455879261,-8.7771689663,-9.5529753289,-5.4656511257,-1.3621805908,-0.7351109606,-3.9177795863,-6.6819323924,-6.4985611467,-2.5503721232,-7.3346693387,-10.7694252555,-0.7979393461,-10.7648735009,-13.1571060016,-10.4538229602,-9.8111320847,-13.6879775821,-7.3064122484,-5.6135696903
PER,,,,,,,,,,,,,,,,,,-6.3110505938,-1.543721207,4.5700977497,-0.5575153707,-7.9807453318,-7.3821137506,-5.0272212516,-1.321098864,0.6163578838,-9.1408994067,-9.9767666391,-11.7797906974,-2.5353830171,-5.3728861215,-4.3377788746,-5.2187062256,-7.0091725876,-6.0185829889,-8.6743530443,-6.5949681506,-5.7922394566,-6.0105968864,-2.7495250238,-2.9874113728,-2.3117579461,-2.026939364,-1.6150428954,0.0288861085,1.5088102612,3.240507167,1.4293146348,-4.4111207781,-0.5982887292,-2.5636140449,-1.8493937078,-2.657595017,-4.2648299332,-4.076739349,-4.8673363753,
PHL,,,,,,,,,,,,,,,,,,-3.8375199895,-4.8180767598,-5.4395710202,-5.8673904713,-5.7817872768,-8.6160093576,-8.3433244824,-4.1199047821,-0.1171328401,3.1873215227,-1.3375132257,-1.0294192061,-3.419832556,-6.0819297425,-2.2766524013,-1.887634946,-5.5473722462,-4.6033000735,-2.6713442266,-4.7713804685,-5.2839141063,2.1410659078,-3.464057961,-2.7497245691,-2.2947186637,-0.3466178818,0.3396568846,1.7784589595,1.9310781963,5.6974197798,5.4043578673,0.08267795,5.0186753421,3.5969402769,2.5174667845,2.7787686411,4.1876364438,3.779521013,2.481666916,0.1970039972
PLW,,,,,,,,,,,,,,,,,,,,,,,,,,,,,,,,,,,,,,,,,,,,,,-20.4757697406,-25.0576639906,-18.4643733665,-17.2761430902,-3.2957318853,-10.162513133,-12.678438758,-16.0990899515,-12.7728712324,-19.2880513851,-8.4363019439,
PNG,,,,,,,,,,,,,,,,,3.359022832,6.9657613392,-1.6518841261,4.6639383306,-11.3402870076,-19.3881892784,-18.7777340018,-13.1657771173,-11.343579395,-5.024109762,-3.7045585094,-6.2943155837,-8.1063103974,-8.8170798143,-2.3502661844,-3.9890356151,2.170927702,12.9822914053,10.3382236991,14.532970045,6.0764863215,-2.0058163955,1.2475018494,3.4508706012,9.9591934136,9.2874013406,-9.4617542787,1.2077442861,2.1785366736,11.085199417,6.0187514114,0.8881896543,8.8487026474,-7.2189989012,-6.5152859191,-1.3338089239,-14.9347953934,-22.3841595606,14.0995488144,,
POL,,,,,,,,,,,,,,,,,,,,,,,,,,,,,,,4.6485368851,-2.5099140454,-3.2903297031,-6.0263013471,0.5721846519,0.6008274269,-2.0407285343,-3.6099041194,-3.9572615329,-7.3575128734,-6.0173743963,-3.1209114908,-2.7904078005,-2.516106179,-5.4295874872,-2.6070228821,-4.0289835057,-6.3899877737,-6.7118659108,-4.0625638897,-5.3982598386,-5.1728381728,-3.7184396209,-1.2874493695,-2.099231893,-0.6142413722,-0.2971191073
PRE,,,,,,,,,,,,,,,,,,,,,,,,,,,,,,,,,,,,,,,,,,,,,,,,,,,,,,,,,
PRI,,,,,,,,,,,,,,,,,,,,,,,,,,,,,,,,,,,,,,,,,,,,,,,,,,,,,,,,,
PRK,,,,,,,,,,,,,,,,,,,,,,,,,,,,,,,,,,,,,,,,,,,,,,,,,,,,,,,,,
PRT,,,,,,,,,,,,,,,,-3.9003664962,-6.3027882235,-4.4613338615,-1.9700039591,-0.2029815912,-3.2342145487,-14.6519329373,-10.6720507299,-5.9918514517,-2.4709795077,1.4011939336,3.0078621843,0.9030921878,-1.8912746388,0.2523888773,-0.2304330257,-0.8027079227,-0.1712199953,0.2451111399,-2.2023986706,-0.1115710738,-4.0005228425,-5.6658477613,-6.7584620224,-8.8471756693,-10.8551114322,-10.42631502,-8.4569377549,-7.2004848265,-8.3590167039,-9.9025724948,-10.6528244705,-9.7945067867,-12.1937658759,-10.4428224464,-10.1558312364,-6.0362855064,-1.8289614903,1.5738561273,0.0379831678,0.0703051375,0.8347345596
PRY,,,,,,,,,,,,,,,,-5.3406735662,-4.4456840577,-3.0642872729,-4.8035824964,-6.5675235787,-6.764659825,-7.1558347942,-7.3962249225,-4.7332351871,-7.8038516506,-8.4855069084,-10.6084322199,-12.9634459031,-5.1486470334,5.5565572305,6.8496258764,1.218435267,-0.8005673515,0.8152248558,-3.4824116488,-2.3989139219,-0.7070530153,-5.5059762841,1.4619273678,1.652860765,-3.0151075511,-0.4165855992,9.7992809485,0.2582007757,-0.1221079024,-0.7728507547,1.5698258792,5.6467535774,0.9897593691,3.022883951,-0.2861682712,0.434245828,-2.0385734338,1.6480006273,-0.411265453,-1.6933496138,
PSE,,,,,,,,,,,,,,,,,,,,,,,,,,,,,,,,,,,,-29.965273547,-41.7761614266,-41.1603010798,-25.5251324574,-27.9029137526,-19.8583877091,-20.6776260427,-13.6551918587,-26.9797547641,-36.6798060014,-28.2575023195,-25.1216138014,-7.6015700812,5.7031431211,-15.7311978981,-14.6631784214,-19.7747572676,-16.1456832945,-19.1061221407,-16.9020250673,-13.5187715758,
PSS,,,,,,,,,,,,,,,,,,,,,,,,,,,,,,,,,,,,,,,,,,,,,,,,,,,,,,,,,
PST,,,,,,,,,,,,,,,,,,,,,,,,,,,,,,,,,,,,,,,,,,,,,,,,,,,,,,,,,
PYF,,,,,,,,,,,,,,,,,,,,,,,,,,,,,,,,,,,,,,,,,,,,,,,,,,,,,,,,,
QAT,,,,,,,,,,,,,,,,,,,,,,,,,,,,,,,,,,,,,,,,,,,,,,,,,,,,31.0675107948,33.1847220548,30.4240297829,23.9592464211,8.3519802435,-5.4597773638
ROU,,,,,,,,,,,,,,,,,,,,,,,,,,,,5.3184238552,9.6105017503,5.97075,-8.3445623033,-3.4898135124,-5.9948251841,-4.4532287206,-1.4231353705,-4.7103086186,-6.9144615519,-5.870766979,-6.9492086242,-3.5845558892,-3.6192662469,-5.4743937996,-3.3026845967,-5.5305187987,-8.3735213526,-8.5664630565,-10.4505299651,-13.9470498522,-12.0020540106,-4.918163525,-5.0467546009,-5.0045331032,-4.776795033,-1.0839671686,-0.6931314215,-1.2228775381,-2.3489937529
RUS,,,,,,,,,,,,,,,,,,,,,,,,,,,,,,,,,,,1.9853299532,1.7603358913,2.7690237174,-0.2062695155,0.0262259393,11.6665375767,17.4743532277,10.454514171,7.9606256201,7.6979857346,9.9083225427,11.0454005699,9.3254593183,5.5545686323,6.2579853638,4.1208767627,4.4233384031,4.7876486515,3.2846761497,1.4986024065,2.7869288754,5.0476040918,1.9487884784
RWA,,,,,,,,,,,,,,,,,2.8188123754,2.8689100376,-5.2634166345,4.4982839294,-4.1559413514,-5.101924078,-6.4142724635,-3.2266899878,-2.6120131492,-3.713917835,-3.5628946491,-6.2631572548,-4.9838888383,-4.2529559328,-3.3181707535,-1.7662491062,-4.0869874863,-6.5475240248,13.1526413693,4.4441569637,-0.6159329722,-3.3635359923,-4.1569277501,-7.7785594049,-5.4393219019,-6.1194634192,-8.1211040058,-5.694670248,-2.1099899863,-2.5387547083,-4.4060248439,-2.2297008184,-4.9850555622,-7.0386885758,-7.1344200089,-7.0840331741,-11.220057515,-10.6899445472,-13.0561368512,-13.2997918191,
SAS,,,,,,,,,,,,,,,,,,,,,,,,,,,,,,,,,,,,,,,,,,,,,,,,,,,,,,,,,
SAU,,,,,,,,,,,,13.5247430544,21.6199764608,16.8580384397,50.7021635712,30.7541604601,22.4351597833,16.1632984374,-2.7559120601,9.1237453511,25.223431348,21.5025289759,4.9435637058,-13.046297137,-15.3818646008,-12.4464531222,-13.5524803221,-11.3891147941,-8.3061326782,-9.9904424498,-3.525169672,-20.8052135215,-12.9234865727,-12.9691450457,-7.7475929672,-3.7100744262,0.4282468134,0.1838154541,-8.9469974012,0.2541394957,7.5544445418,5.079599577,6.2619844983,12.9967338901,20.0686191554,27.4189837918,26.2844502631,22.448907175,25.4565268476,4.8834106532,12.6372741558,23.6197918823,22.3871308009,18.1400817046,9.7518570036,-8.6697843265,-3.8539776426
SDN,,,,,,,,,,,,,,,,,,-1.0171019386,-1.4193412725,-2.8389788103,-4.2361486043,-6.4375885366,-2.6417040886,-2.597046541,0.3760738329,1.2400553831,-0.1340095821,-1.1379534909,-2.3246469533,-0.9745820404,-2.999889094,-8.3902446894,-7.1956854666,-2.2766817552,-4.7029150749,-3.6146726088,-9.1675284856,-7.0889901139,-8.5019743515,-4.0357439945,-4.2235647526,-3.9588925157,-6.5766909678,-5.3187873658,-3.8132640627,-9.3224253082,-18.1334821943,-7.8371120319,-6.5910470836,-9.2691490817,-2.6287683671,-3.9403517463,-9.1875277176,-8.0788152428,-4.315761513,-6.1071321896,
SEN,,,,,,,,,,,,,,,-3.9558644287,-3.8297036366,-4.0791755194,-2.8862448362,-9.0785703801,-8.1724214832,-11.0204131811,-14.5280168162,-8.5412920049,-10.9719208245,-10.0693461665,-12.1385023912,-8.8016775667,-8.5256678586,-8.1157125121,-7.0815666941,-6.3548829528,-6.6178188159,-6.6828404197,-7.6242283527,-4.8349979528,-5.0107896959,-3.9627421363,-3.9554892065,-4.9192892607,-6.2239511071,-7.1021160949,-5.0324850542,-5.9400332024,-6.3646965863,-6.3554641641,-7.7621456169,-9.2022658354,-11.6157736677,-14.0279875913,-6.6653930916,-4.5519755962,-7.9804580619,-10.7610220934,-10.4631322172,-8.8042229761,,
SGP,,,,,,,,,,,,,-18.1967450894,-14.0466107596,-19.5790277149,-10.3679694708,-8.9689857183,-4.4601901641,-6.0206525331,-7.9161967676,-13.1389535998,-10.3705042031,-8.0618080306,-3.4344996556,-1.9501945925,-0.0189991609,1.716416082,-0.5198811255,7.6445496817,9.741323212,8.6354038837,10.7320101988,11.340606903,6.9438445971,15.4514816196,16.4356506726,14.4292157731,15.2597342309,21.5577973593,16.9877963423,10.8080912558,13.8581942935,13.4889498741,22.8318509218,18.1878439084,22.0570981175,25.1290318733,26.0586079077,14.4784293496,16.8485171124,23.4415809346,22.1495439344,17.3785616785,16.9145455756,19.7372505832,18.1096720919,19.0261385189
SLB,,,,,,,,,,,,,,,,-16.8428402128,2.0588654632,6.190361783,2.9898333065,6.7941730415,-7.214048923,-14.1723281819,-13.2786286123,-7.5365054194,0.5279440357,-11.9770137942,-1.1171662126,-1.7949865463,-8.96437957,-9.9998183067,-9.1765310684,-11.1879719515,0.3426201425,-1.8627181354,-0.7387162876,1.605608322,2.5799071011,-6.6748031892,1.723208497,4.4534550022,-9.4164364881,-16.1909022573,-19.7785764583,-11.9974854673,-5.0442785915,-21.792678359,-9.2352825309,-15.5347644298,-13.0850498386,-9.9684430465,-21.4649677597,-2.1175718739,2.5743694257,-3.6375067367,-4.2855515779,-3.19465462,
SLE,,,,,,,,,,,,,,,,,,-7.1363647671,-11.6310950478,-16.1183221603,-14.9791022784,-11.8171217878,-13.1140219587,-1.7696283312,-2.1173813754,0.3272992017,28.712450823,-4.3270301008,-0.2692065045,-6.4033970391,-10.6838167066,1.9662013914,-0.8058431364,-7.5140539669,-9.7725979924,-13.5592058039,-15.9813379727,-6.4539089509,-4.9430388219,-14.8362178611,-17.658278125,-9.0668679187,-5.9103473448,-6.0388390521,-6.9192498689,-6.4463941689,-5.0405001494,-7.4187612836,-8.9981321871,-13.131994623,-22.3685334266,-65.0289183646,-31.8320946135,-14.9805684133,-18.1531844022,,
SLV,,,,,,,,,,,,,,,,,1.0153417538,1.2700397985,-8.9105998798,0.9308126979,0.9490873135,-7.2884902078,-3.5314304815,-0.7928477603,-1.467084784,-0.7546636397,3.0982462753,3.4309860689,0.6157694254,-4.4471734958,-3.1607604847,-3.153146629,-1.8298223349,-1.1792374156,-0.2224515031,-2.7533000268,-1.6387597235,-0.8779647746,-0.7552299532,-1.9198215761,-3.2777274423,-1.0881290407,-2.8318899537,-4.6667904566,-4.062937232,-3.6363476816,-4.126852356,-6.0510621789,-7.1493330907,-1.5110402128,-2.4876627596,-4.8047132817,-5.372863167,-6.5116018919,-4.8355307777,-3.5534004266,-1.9801991493
SMR,,,,,,,,,,,,,,,,,,,,,,,,,,,,,,,,,,,,,,,,,,,,,,,,,,,,,,,,,
SOM,,,,,,,,,,,,,,,,,,,,,,,,,,,,,,,,,,,,,,,,,,,,,,,,,,,,,,,,,
SRB,,,,,,,,,,,,,,,,,,,,,,,,,,,,,,,,,,,,,,,,,,,,,,,,-18.6768969851,-21.3871529069,-6.5692475174,-6.8217101914,-10.9478654625,-11.6092223313,-6.1392819998,-5.9592486505,-4.7123649095,
SSA,,,,,,,,,,,,,,,,,,,,,,,,,,,,,,,,,,,,,,,,,,,,,,,,,,,,,,,,,
SSD,,,,,,,,,,,,,,,,,,,,,,,,,,,,,,,,,,,,,,,,,,,,,,,,,,,,,,,-7.0425636105,,
SSF,,,,,,,,,,,,,,,,,,,,,,,,,,,,,,,,,,,,,,,,,,,,,,,,,,,,,,,,,
SST,,,,,,,,,,,,,,,,,,,,,,,,,,,,,,,,,,,,,,,,,,,,,,,,,,,,,,,,,
STP,,,,,,,,,,,,,,,,,,,,,,,,,,,,,,,,,,,,,,,,,,-37.3598442642,-33.023725038,-29.4080286421,-35.1566201799,-28.6849475262,-42.8884402689,-44.1254516284,-49.7318429434,-41.9445231778,-44.3524714656,-45.3496878112,-39.1471181373,-26.825296579,-29.8098298159,-21.5961043907,-14.9556387375
SUR,,,,,,,,,,,,,,,,,,,,,,,,,,,,,,,,,,,,,,,,,,,,,,-8.0055534694,8.3993924507,11.0501488649,9.1905702207,2.8719543147,14.8979097807,9.7530804395,3.2604669961,-3.8090733395,-7.9278104479,-16.5672251445,-4.331583221
SVK,,,,,,,,,,,,,,,,,,,,,,,,,,,,,,,,,,-3.5234724971,3.339688987,1.5157250714,-7.5135675072,-7.0905887647,-7.1288148304,-3.7977453112,-2.3845485907,-5.6751275397,-5.572297792,-0.6033122355,-7.6083588605,-8.1744832485,-7.7199688246,-5.3699946287,-6.250854881,-3.393154453,-4.7044183665,-4.9974465651,0.9523967121,1.8250484423,1.1897692792,0.1744620934,-0.7155290987
SVN,,,,,,,,,,,,,,,,,,,,,,,,,,,,,,,,,,,,-0.3520885862,0.2574485137,0.2433835741,-0.5342267757,-3.0722792152,-2.691449123,0.1499373396,1.0346476789,-0.7263250338,-2.5891909219,-1.8722328848,-1.7580228334,-4.1884684999,-5.2995737058,-0.5518117797,-0.1142307801,0.189873269,2.5751463559,4.8129831451,6.2307681122,5.1804238265,6.799621963
SWE,,,,,,,,,,,-0.6742783072,0.8902160403,1.213819938,2.4787080545,-0.813347937,-0.3769920889,-1.8186918241,-2.2766332374,-0.1854577073,-1.9309062728,-3.0916917712,-2.1723502737,-2.9131245978,-0.7001117079,0.6835320136,-0.8979270684,0.0218144015,-0.0117965532,-0.2616601821,-1.4432441934,-2.4554522489,-1.7210530788,-3.149163967,-1.9810688929,0.3284784997,1.8709828972,2.0451852333,2.8001197939,3.578515692,3.9792925541,4.4991343128,6.2379554759,4.7181886642,5.91103211,5.9999919302,6.0618958641,8.2062353016,8.1849487727,7.938844919,6.0322991046,5.9781242174,5.557856387,5.5956909377,5.2641357174,4.6249014021,4.6958793276,4.6287745927
SWZ,,,,,,,,,,,,,,,16.0918586306,17.8703566798,11.1396860663,3.8201225383,-20.7638284762,-28.9421245559,-23.9277195242,-14.233674341,-21.1749524922,-19.2662033339,-15.6685049007,-10.6503914312,2.3959523752,11.2249066155,13.7420130079,11.0571026788,4.5525553672,4.0814763643,-3.1576032938,-4.6922416795,0.1299898349,-1.749266676,-3.2420789992,-0.1596488228,-5.9188817772,-2.129222907,-2.6387318648,0.5835320464,2.3184942662,4.0680951515,2.5739274928,-3.2297690281,-5.9739716869,-1.8891778666,-7.0197175862,-11.571647543,-8.7481159505,-7.0244272952,3.2182363571,5.0888222857,3.2388938995,10.0259882424,
SXM,,,,,,,,,,,,,,,,,,,,,,,,,,,,,,,,,,,,,,,,,,,,,,,,,,,,,,,,,
SYC,,,,,,,,,,,,,,,,,-7.9049221133,-2.899432279,-4.6570275723,-9.6367485745,-10.6020243993,-12.1328129784,-27.4768538172,-17.7554279775,-8.7822776192,-11.3692467171,-16.0183800818,-8.4701075485,-10.0099236479,-13.0083881761,-3.5208123525,-2.1822435349,-1.5918334854,1.8203173335,6.4519057163,0.2784965021,-10.41987168,-11.7407140948,-17.468880083,-18.742579386,-6.9807424338,-24.5972080377,-14.5184911323,-1.3265783168,-7.1865684342,-18.9390516141,-13.1606598381,-18.7708590314,-27.1864381552,-22.3580687139,-22.1035298315,-28.2677290186,-14.2218030462,-11.2404284031,-21.8116511378,-17.8185543614,
SYR,,,,,,,,,,,,,,,,,,-2.166706781,-0.6878555572,9.0214367728,1.9207771631,-1.9847663707,-1.5332317963,-4.7984032306,-4.5363436876,-5.8371530579,-3.7914095066,-2.6232330164,-1.4238384886,12.4058748072,14.3176033271,5.3829068827,0.4149826576,-1.4821886897,-7.8146456933,2.3076842244,0.2900745017,3.1781631443,0.3815577072,1.2662313879,5.490043306,5.7867754435,6.6721499131,3.4450935286,2.3578013877,1.0360731739,2.759440461,1.1374233066,,,,,,,,,
TCA,,,,,,,,,,,,,,,,,,,,,,,,,,,,,,,,,,,,,,,,,,,,,,,,,,,,,,,,,
TCD,,,,,,,,,,,,,,,,,,-3.0491855845,-4.1688778896,-0.1544655599,1.1912818974,2.6734872751,2.2202560953,4.5620283853,0.9842067138,-8.4447995122,-5.5600974801,-2.194483608,1.7204190496,-3.5766102079,-2.6237898916,-3.4933195882,-4.5534150936,-7.9712709236,-3.1991374233,,,,,,,,,,,,,,,,,,,,,,
TEA,,,,,,,,,,,,,,,,,,,,,,,,,,,,,,,,,,,,,,,,,,,,,,,,,,,,,,,,,
TEC,,,,,,,,,,,,,,,,,,,,,,,,,,,,,,,,,,,,,,,,,,,,,,,,,,,,,,,,,
TGO,,,,,,,,,,,,,,,23.5129759601,-12.2290251827,-3.9668920407,-11.2277491522,-26.3715101654,-23.8566110343,-8.3594353438,-4.5881462202,-10.5685201611,-5.665181284,3.6459531275,-3.5970804214,-5.319814958,-4.8462978169,-6.3228159268,-3.7576270654,-5.1736332465,-8.7861183543,-8.1912485285,-6.6831739735,-5.7341328875,-9.3145957275,-10.5023168556,-7.7991364673,-8.8272019444,-8.065539514,-10.7894354653,-12.6943322008,-9.4642599171,-9.6747276734,-10.6804562398,-9.639708626,-8.0030237811,-8.5502185829,-7.0165863774,-5.585495314,-6.2940780488,-8.0326311965,-7.6070586384,-13.9246813347,-10.2135238096,-11.2740005964,
THA,,,,,,,,,,,,,,,,-4.0738605657,-2.5890327739,-5.5484501565,-4.8016999305,-7.6236413068,-6.417624104,-7.378583739,-2.7415439069,-7.1759764055,-5.044743444,-3.9519136755,0.5731961902,-0.7251917975,-2.6827231271,-3.4573051796,-8.5315619862,-7.7075130009,-5.6556706876,-4.9304853257,-5.4940981735,-8.0233109401,-8.0265862199,-2.0116516264,12.529034921,9.8113022705,7.3684474913,4.2402628107,3.4655065395,3.1335632135,1.5959753192,-4.0364623647,1.0438067253,5.9266535755,0.3194660431,7.876574446,3.3673222715,2.54217091,-0.4074098203,-1.1522347339,3.7601263314,8.0526662563,
TJK,,,,,,,,,,,,,,,,,,,,,,,,,,,,,,,,,,,,,,,,,,,-1.2393439698,-0.3065196411,-2.7474958862,-0.815618229,-0.7561418763,-13.3099247185,0.9216818752,-3.6210192287,-9.575866862,-7.3045802581,-9.1536053162,-7.749774599,-2.8276904958,-6.0077918585,-3.8083054701
TKM,,,,,,,,,,,,,,,,,,,,,,,,,,,,,,,,,,,,,,,,,,,,,,,,,,,,,,,,,
TLA,,,,,,,,,,,,,,,,,,,,,,,,,,,,,,,,,,,,,,,,,,,,,,,,,,,,,,,,,
TLS,,,,,,,,,,,,,,,,,,,,,,,,,,,,,,,,,,,,,,,,,,,,,,,116.8366121117,210.5910756836,291.3179760316,155.3755746249,177.2406631864,204.3593805829,211.6021220471,182.1673613804,79.0678228507,15.5937087862,
TMN,,,,,,,,,,,,,,,,,,,,,,,,,,,,,,,,,,,,,,,,,,,,,,,,,,,,,,,,,
TON,,,,,,,,,,,,,,,,0.7208452014,-6.7495799164,-5.8072710904,-6.4061212882,-3.4456681675,-12.7603223869,-9.5129180758,11.4241884079,0.8645422833,-7.5214290092,2.6786201321,3.5796082825,1.8901953445,-11.9475085098,6.9924207438,5.1035879674,-0.0559255605,-0.3417480579,-4.2802276205,,,,,,,,-5.9607001942,-1.8162485215,-5.2599271649,-7.5710231285,-8.1203934436,-16.3764455243,-13.4471061071,-26.1277962671,-30.9640343157,-21.587730014,-20.0848356869,-8.2041033964,-7.2326139628,,,
TSA,,,,,,,,,,,,,,,,,,,,,,,,,,,,,,,,,,,,,,,,,,,,,,,,,,,,,,,,,
TSS,,,,,,,,,,,,,,,,,,,,,,,,,,,,,,,,,,,,,,,,,,,,,,,,,,,,,,,,,
TTO,,,,,,,,,,,,,,,,13.9318277852,10.4343408514,5.8251911664,1.5275567918,-0.4164478846,5.7243084348,5.9299207462,-7.3639760485,-12.1923469165,-6.0160068754,-0.6491063029,-8.5921205098,-4.6890921723,-1.9693631933,-0.8915256082,9.0565950137,-0.0877714043,2.5534105311,2.422070673,4.4026571207,5.5134420003,1.8255728879,-10.6942805546,-10.647826543,0.4494063527,6.6749748821,4.7139489713,0.8481092201,8.7099509196,13.5001620673,24.2853098035,38.7870597732,23.8720460161,30.4949776745,8.5150420852,18.8299351887,16.2549774389,12.63988303,20.0575432992,14.9551495388,4.0607797754,
TUN,,,,,,,,,,,,,,,,,-8.7951325585,-11.0875644667,-7.6900594383,-4.1756076643,-4.0384373019,-5.3819824691,-8.1385453942,-6.8280200699,-9.2629048753,-6.9105398981,-6.7032898777,-0.5600542159,2.078367846,-2.1584735741,-3.7701886703,-3.5899762727,-7.120804445,-9.0564336966,-3.4338653785,-4.2925749807,-2.4388372109,-2.8679055492,-3.097303865,-1.9253116078,-3.8256454134,-3.8088907252,-3.2237993863,-2.6608499543,-1.4166698218,-0.9273483411,-1.8016301425,-2.3566257861,-3.8149314755,-2.8391450916,-4.7772958314,-7.3907486939,-8.2616336006,-8.3853330107,-9.1182544479,-8.9203408584,
TUR,,,,,,,,,,,,,,,-1.5758465107,-3.6922767608,-3.9566978863,-5.3513471552,-1.9417618054,-1.5806414816,-4.954259626,-2.7252244526,-1.4749095137,-3.1177912166,-2.3987367426,-1.506656919,-1.9345549959,-0.9246004451,1.7566874703,0.8754626504,-1.7421453508,0.1666357465,-0.6146695349,-3.5705219588,2.0131582611,-1.3794654504,-1.3428805859,-1.3896304033,0.7252454794,-0.3614915017,-3.6339739708,1.8776144519,-0.2625575621,-2.4225052718,-3.5076161827,-4.1840934707,-5.641216302,-5.4678171913,-5.1581600243,-1.7618684237,-5.7801959726,-8.9366784161,-5.4877570416,-6.6927510768,-4.6669346988,-3.7373297082,-3.8036768807
TUV,,,,,,,,,,,,,,,,,,,,,,,,,,,,,,,,,,,,,,,,,,-59.1647780418,0.1617568309,-34.4979477365,-32.7879718165,-19.5877256454,28.5957869369,-16.1456051573,-12.243435672,-62.3840920687,-44.0358323237,-60.6995765232,16.1210215484,17.7657762327,,,
TZA,,,,,,,,,,,,,,,,,,,,,,,,,,,,,-6.9903999606,-7.5807203253,-13.1242216661,-14.8785791149,-15.5220400579,-21.016077618,-14.1301352334,-11.222379587,-6.3540276321,-5.6770095955,-7.5372299474,-8.0131357805,-4.204898162,-5.4286424889,-0.4236940391,-1.4941512365,-3.7688231277,-6.4533988168,-5.9216921685,-7.9748709223,-9.416288929,-6.3341809319,-7.0389278308,-12.9313113735,-9.6304752365,-11.2509945177,-10.4102742147,-7.2593687854,
UGA,,,,,,,,,,,,,,,,,,,,,-6.6422171845,1.899456561,-3.2099483104,-3.2243995411,2.8637668281,0.1306332038,-1.1028420658,-1.7865872793,-2.9991119449,-4.9184407151,-6.1169981734,-5.1108924623,-3.4856157073,-5.3138717315,-4.3654438369,-4.8905290901,-3.4989993285,-5.0361016751,-5.5231612922,-4.8878370935,-5.793407068,-5.678735937,-3.2350502451,-1.2964505893,-0.7642360728,-0.1422355765,-3.6564087208,-5.0390828765,-8.9178415658,-5.1513866731,-8.2219088595,-10.3208609114,-7.275102496,-7.4178731214,-8.7057443032,-8.4455947767,
UKR,,,,,,,,,,,,,,,,,,,,,,,,,,,,,,,,,,,-2.213149087,-2.3893540252,-2.6572061851,-2.6619927369,-3.0943163768,5.2500520892,4.7374524693,3.6885666291,7.4871034941,5.7666660557,10.6483879193,2.9416538604,-1.5025094045,-3.6792575871,-7.1008551394,-1.4808777844,-2.2174325564,-6.2717704046,-8.1550162351,-9.0109578364,-3.4426086589,-0.2076216719,
UMC,,,,,,,,,,,,,,,,,,,,,,,,,,,,,,,,,,,,,,,,,,,,,,,,,,,,,,,,,
URY,,,,,,,,,,,,,,,,,,,-2.5864225168,-4.9727167059,-6.9772566808,-4.1761946699,-2.5558890566,-1.2269021808,-2.6617231645,-2.0709980947,0.7118911066,-1.9101474459,0.2695557111,1.58159459,1.9990666244,0.3786299131,-0.0681774558,-1.6250343318,-2.5082150047,-1.1011696024,-1.1376782857,-1.1990114113,-1.873084948,-2.1164157772,-2.4813401476,-2.3811349077,2.8071070174,-0.7244175476,0.0228310713,0.2434971214,-2.0014896663,-0.9416775929,-5.6937943551,-1.204278239,-1.8142000039,-2.7409065769,-5.0578518863,-4.9734853078,-4.5008651988,-2.1009662951,
USA,,,,,,,,,,,0.243520677,-0.0839206351,-0.4101527624,0.5306083306,0.109760625,1.0586628283,0.2045178199,-0.7238904461,-0.6682166589,-0.005953324,0.0743055471,0.1497996235,-0.3469964493,-1.2155122251,-2.4502727626,-2.8631841746,-3.2062969551,-3.2985593866,-2.3085201715,-1.7587734082,-1.3203583056,0.046177197,-0.7891526294,-1.2325378072,-1.6643381807,-1.4817342244,-1.5398025308,-1.6347128396,-2.3658601095,-3.0591605677,-3.9938826104,-3.721874887,-4.1730031043,-4.5292063798,-5.1631097144,-5.6931464734,-5.8222612654,-4.9638010628,-4.6933121683,-2.6633674415,-2.9534349988,-2.9666206683,-2.7639737039,-2.1952708073,-2.2541463705,-2.5667795923,-2.5914556979
UZB,,,,,,,,,,,,,,,,,,,,,,,,,,,,,,,,,,,,,,,,,,,,,,,,,,,,,,,,,
VCT,,,,,,,,,,,,,,,,,,,4.437521343,-5.0635496316,-11.2945862902,-0.7836487338,-9.5022038106,-2.1266965858,-0.7406035919,2.54048113,-6.3391405664,-11.5257799677,-8.3640535012,-13.8131099504,-9.7999002136,-17.9291901634,-8.6944807436,-15.3240923942,-19.5333518707,-12.7211775493,-9.9383009718,-23.1719772221,-24.7012808424,-17.3620968818,-6.0340452497,-8.6941019319,-9.0860488853,-16.495241441,-19.7618815088,-18.5568843675,-19.5423908994,-29.4163618687,-33.1204998525,-29.2369087984,-30.5791525855,-29.4143036611,-27.8347995541,-29.1562244946,,,
VEN,,,,,,,,,,,-0.8094169085,-0.0752121558,-0.6343080133,4.505226689,19.8719172774,6.9353086875,0.7019090744,-7.5219086588,-12.352855726,0.6288932357,7.0548186448,5.3073528128,-5.5459854347,5.6365999246,8.2917497892,5.7425686065,-3.8184256651,-3.0654691742,-9.9420817862,5.1305993062,17.604401895,3.3546524843,-6.4140181753,-3.4288647611,4.4948752215,2.6886840704,13.0581611003,4.3474444731,-4.8526679091,2.1556104515,10.118598932,1.6134549259,8.1803278196,14.1065670039,13.8003852605,17.488144167,14.4224751314,5.8446629096,9.9055750431,0.1300837152,1.4204304056,5.163639685,0.6782306161,1.2409492806,0.7459169669,,
VGB,,,,,,,,,,,,,,,,,,,,,,,,,,,,,,,,,,,,,,,,,,,,,,,,,,,,,,,,,
VIR,,,,,,,,,,,,,,,,,,,,,,,,,,,,,,,,,,,,,,,,,,,,,,,,,,,,,,,,,
VNM,,,,,,,,,,,,,,,,,,,,,,,,,,,,,,,,,,,,,-8.1922434504,-5.692210592,-3.9471360153,4.1033817939,3.2877442959,1.9324849163,-1.5916557582,-4.5204408221,-1.9363020282,-0.9719891649,-0.2467043737,-8.9816593641,-10.9179529896,-6.2331036735,-3.6883770073,0.1741190001,6.0512128634,4.5233666607,5.0261901908,0.4688443396,
VUT,,,,,,,,,,,,,,,,,,,,,,,-7.4664400773,-7.5301049783,4.9670307661,-8.3795620263,-9.8568032681,-7.8957437606,-6.6195046387,-8.4759487156,-3.9027621632,-5.4327587462,-4.9278101254,-6.2093884198,-8.4445806277,-7.8014884621,-10.9877779112,-7.5585775772,2.1950050325,-4.8790213311,1.8361285738,0.7051783242,-6.4953722751,-7.0448086274,-6.1477794337,-8.6204527183,-6.8579739564,-6.5373760442,-23.2876564935,1.6850868532,-6.0184823607,-7.6951072902,-8.7775640835,-0.6426972184,2.3870799604,-11.05171547,
WLD,,,,,,,,,,,,,,,,,,,,,,,,,,,,,,,,,,,,,,,,,,,,,,,,,,,,,,,,,
WSM,,,,,,,,,,,,,,,,,,,,,,,-4.9810447132,4.2933773441,0.599904988,2.0178422798,11.0547340804,10.0240971485,7.6897642731,12.1083645851,6.8536668306,-20.3493289884,-39.6781988739,-28.306141492,2.6066388371,4.1497070693,4.9128980459,3.1972051109,7.4551788739,-7.259854091,,,,,-6.2230626287,-10.2744178307,-15.0794614226,-8.3046975222,-8.4214682399,-1.9973937849,-6.7897287553,-11.3005156348,0.0962043527,-5.55181748,-5.9256123939,-5.4180184312,
XKX,,,,,,,,,,,,,,,,,,,,,,,,,,,,,,,,,,,,,,,,,,,,,-7.1029411825,-8.2356770323,-6.9538457574,-10.0260502736,-16.1923486332,-9.6746472068,-11.6225441395,-12.7107663553,-5.8678748795,-3.4103008583,-6.7892465923,-8.4923033673,
YEM,,,,,,,,,,,,,,,,,,,,,,,,,,,,,,,,,,,,,,,,,,,,,,3.7254058927,1.0780997153,-6.9647855483,-4.6497599915,-10.0572629906,-3.4106992353,-1.6114399562,-0.9452108788,-3.7869135637,-3.4427528623,-8.0193750115,
ZAF,0.6468432085,3.3890040891,5.0577597582,2.0651125309,-1.5519872341,-4.5578956589,-1.1898250203,-2.7233538554,-0.1315938942,-2.8617280405,-7.0007453022,-7.3183832035,-0.8992672435,-0.8820762239,-3.9061314251,-6.2892162934,-5.2250039855,0.588441879,2.3522826543,5.1434275349,3.8096358841,-5.5543830154,-4.2635302445,-0.3640459928,-2.2209439796,3.2674561658,3.3686814749,4.7523214595,2.1411194527,1.1621120361,1.3427321733,1.12883748,1.4717481352,2.0870773292,0.021194991,-1.6037844468,-1.1369237701,-1.459737306,-1.596179092,-0.4942083309,-0.1397433579,0.2819702205,0.8740589424,-0.8796085799,-2.8057427388,-3.1094904875,-4.4454653182,-5.4009357344,-5.7226558948,-2.6717959167,-1.4632340068,-2.2378500624,-5.1257936054,-5.9020860408,-5.3249586634,-4.3826947943,-3.2148307324
ZMB,,,,,,,,,,,,,,,,,,,-9.9737859333,2.3455119531,-13.48217783,-18.6073334481,-14.0333212806,-8.1770783507,-5.3514500101,-17.3281579208,-20.9152061219,-10.802263031,-7.8952730104,-5.4668619022,-18.0931709899,-9.0473703452,,,,,,-4.2293301453,-16.1235473212,-11.3503110955,-18.3978037692,-18.0006111187,-15.8142288212,-13.5300496004,-7.1488257059,-2.7849841486,4.6447450623,-1.2380203993,-3.330579053,5.9534281848,7.5254926686,4.6581207845,5.3789194197,-0.5757869203,-1.4265889934,-3.6288052079,
ZWE,,,,,,,,,,,,,,,,,,0.0254965021,1.2395436718,-1.0899039538,-2.2344371085,-6.8083971588,-7.3939827161,-5.118733687,-0.6743894923,-1.1368823356,0.2695117023,0.8591667436,1.6011830178,0.2041029343,-1.5901974976,-5.2817475331,-8.9312456685,-1.7615861021,-6.1594515627,,,,,,,,,,,,,,,-11.245781645,-14.3622820066,-20.1449440043,-13.0594620488,-16.5908923132,-14.2371997938,-9.4611017861,
