ABW,4.82,4.655,4.471,4.271,4.059,3.842,3.625,3.417,3.226,3.054,2.908,2.788,2.691,2.613,2.552,2.506,2.472,2.446,2.425,2.408,2.392,2.377,2.364,2.353,2.342,2.332,2.32,2.307,2.291,2.272,2.249,2.221,2.187,2.149,2.108,2.064,2.021,1.978,1.939,1.903,1.872,1.846,1.823,1.803,1.787,1.774,1.766,1.763,1.764,1.769,1.776,1.783,1.791,1.796,1.8,1.801
AFG,7.45,7.45,7.45,7.45,7.45,7.45,7.45,7.45,7.45,7.45,7.45,7.45,7.45,7.45,7.45,7.45,7.45,7.449,7.449,7.449,7.449,7.449,7.45,7.452,7.455,7.458,7.46,7.461,7.461,7.461,7.466,7.479,7.502,7.535,7.572,7.606,7.63,7.635,7.616,7.569,7.494,7.392,7.271,7.136,6.988,6.827,6.651,6.46,6.254,6.038,5.816,5.595,5.38,5.174,4.981,4.802
AGO,7.478,7.524,7.563,7.592,7.611,7.619,7.618,7.613,7.608,7.604,7.601,7.603,7.606,7.611,7.614,7.615,7.609,7.594,7.571,7.54,7.504,7.469,7.438,7.413,7.394,7.38,7.366,7.349,7.324,7.291,7.247,7.193,7.13,7.063,6.992,6.922,6.854,6.791,6.734,6.683,6.639,6.602,6.568,6.536,6.502,6.465,6.42,6.368,6.307,6.238,6.162,6.082,6,5.92,5.841,5.766
ALB,6.489,6.401,6.282,6.133,5.96,5.773,5.581,5.394,5.218,5.057,4.91,4.775,4.642,4.509,4.373,4.235,4.099,3.966,3.841,3.725,3.621,3.53,3.452,3.383,3.323,3.269,3.217,3.164,3.108,3.046,2.978,2.905,2.829,2.751,2.672,2.591,2.507,2.422,2.334,2.246,2.157,2.068,1.981,1.897,1.821,1.754,1.703,1.668,1.65,1.646,1.653,1.668,1.685,1.7,1.71,1.714
AND,,,,,,,,,,,,,,,,,,,,,,,,,,,,,,,,,,,,,,,,,,,,,,,1.24,1.18,1.25,1.19,1.27,,,,,
ARB,6.9487466708,6.9713700454,6.992349521,7.0092646735,7.0201050423,7.0231593594,7.0158237764,6.9986281976,6.9722049546,6.9361107388,6.8919750228,6.8419810122,6.7889412935,6.735216018,6.6820122564,6.629874696,6.5777911174,6.5242998398,6.4669519073,6.4040735901,6.3357556105,6.2603704991,6.1789561962,6.0902733152,5.9941504144,5.8887245345,5.7702484494,5.6401182995,5.4993880024,5.3495054419,5.2061922994,5.0455184086,4.9018785245,4.7371339811,4.5758055337,4.4106930901,4.2678180853,4.1358822311,4.0158821473,3.9091088679,3.8162257525,3.7361411931,3.6673746256,3.6089117664,3.5597601324,3.5210015442,3.4933509848,3.4768049524,3.4701264895,3.4697364914,3.4716657749,3.4700027405,3.4613472549,3.4428286571,3.4132994549,3.3738396859
ARE,6.929,6.91,6.892,6.875,6.857,6.838,6.817,6.791,6.757,6.713,6.655,6.579,6.484,6.372,6.245,6.111,5.973,5.84,5.716,5.603,5.505,5.422,5.35,5.283,5.215,5.139,5.047,4.934,4.797,4.636,4.454,4.253,4.041,3.827,3.618,3.418,3.232,3.062,2.907,2.768,2.644,2.532,2.428,2.33,2.238,2.151,2.073,2.005,1.949,1.904,1.869,1.841,1.82,1.801,1.783,1.765
ARG,3.109,3.1,3.089,3.078,3.068,3.058,3.051,3.048,3.049,3.056,3.073,3.104,3.148,3.203,3.264,3.321,3.366,3.391,3.391,3.368,3.325,3.27,3.213,3.163,3.123,3.093,3.073,3.056,3.037,3.016,2.989,2.954,2.913,2.866,2.815,2.762,2.711,2.664,2.623,2.589,2.561,2.537,2.516,2.495,2.474,2.452,2.432,2.413,2.396,2.382,2.37,2.358,2.347,2.335,2.322,2.308
ARM,4.786,4.67,4.521,4.345,4.15,3.95,3.758,3.582,3.429,3.302,3.199,3.114,3.035,2.956,2.875,2.792,2.712,2.641,2.582,2.538,2.51,2.499,2.503,2.517,2.538,2.559,2.578,2.591,2.592,2.578,2.544,2.484,2.4,2.297,2.179,2.056,1.938,1.832,1.747,1.685,1.648,1.635,1.637,1.648,1.665,1.681,1.694,1.702,1.706,1.703,1.693,1.68,1.664,1.648,1.634,1.622
ASM,,,,,,,,,,,,,,,,,,,,,,,,,,,,,,,,,,,,,,,,,,,,,,,,,,,,,,,,
ATG,4.425,4.386,4.344,4.299,4.25,4.193,4.125,4.042,3.942,3.824,3.684,3.517,3.328,3.122,2.908,2.701,2.514,2.358,2.239,2.159,2.115,2.098,2.096,2.098,2.098,2.092,2.082,2.07,2.062,2.058,2.061,2.073,2.096,2.128,2.166,2.208,2.248,2.281,2.304,2.316,2.316,2.305,2.288,2.268,2.246,2.224,2.203,2.183,2.164,2.146,2.13,2.115,2.102,2.089,2.076,2.063
AUS,3.453,3.54,3.442,3.332,3.146,2.977,2.881,2.848,2.888,2.886,2.859,2.961,2.744,2.491,2.397,2.148,2.06,2.007,1.949,1.907,1.891,1.935,1.929,1.924,1.84,1.923,1.868,1.845,1.831,1.838,1.902,1.849,1.888,1.859,1.842,1.822,1.796,1.778,1.762,1.755,1.756,1.739,1.756,1.748,1.768,1.807,1.908,1.959,1.984,1.971,1.928,1.927,1.921,1.859,1.833,1.833
AUT,2.69,2.78,2.8,2.82,2.79,2.7,2.66,2.62,2.58,2.49,2.29,2.2,2.08,1.94,1.91,1.83,1.69,1.63,1.6,1.6,1.65,1.67,1.66,1.56,1.52,1.47,1.45,1.43,1.45,1.45,1.46,1.51,1.51,1.5,1.47,1.42,1.45,1.39,1.37,1.34,1.36,1.33,1.39,1.38,1.42,1.41,1.41,1.38,1.42,1.39,1.44,1.43,1.44,1.44,1.47,1.47
AZE,5.878,5.937,5.961,5.945,5.888,5.792,5.663,5.512,5.351,5.185,5.018,4.85,4.681,4.51,4.341,4.176,4.018,3.869,3.73,3.605,3.497,3.41,3.343,3.293,3.259,2.91,2.9,2.9026,2.8,2.8,2.74,2.87,2.74,2.7,2.52,2.29,2.06,2.07,2,2.07,2,1.8,1.8,1.9,2.0535,2,1.97,1.97,1.9,1.82,1.92,1.96,2,1.98,1.97,1.97
BDI,6.953,6.999,7.046,7.094,7.141,7.183,7.218,7.245,7.265,7.279,7.289,7.299,7.312,7.329,7.35,7.373,7.394,7.41,7.418,7.42,7.418,7.417,7.423,7.438,7.459,7.485,7.509,7.527,7.533,7.526,7.505,7.473,7.432,7.387,7.338,7.288,7.236,7.182,7.126,7.068,7.008,6.948,6.887,6.824,6.759,6.69,6.616,6.534,6.447,6.353,6.256,6.156,6.058,5.962,5.869,5.781
BEL,2.54,2.63,2.59,2.68,2.71,2.61,2.52,2.41,2.31,2.27,2.25,2.21,2.09,1.95,1.83,1.74,1.73,1.71,1.69,1.69,1.68,1.66,1.61,1.57,1.54,1.51,1.54,1.54,1.57,1.58,1.62,1.66,1.65,1.61,1.56,1.56,1.59,1.6,1.6,1.62,1.67,1.67,1.65,1.67,1.72,1.76,1.8,1.82,1.85,1.84,1.86,1.81,1.79,1.75,1.74,1.74
BEN,6.282,6.339,6.394,6.447,6.497,6.544,6.588,6.63,6.671,6.71,6.748,6.786,6.823,6.86,6.896,6.929,6.959,6.984,7.004,7.018,7.025,7.025,7.021,7.01,6.994,6.972,6.942,6.904,6.858,6.805,6.744,6.677,6.603,6.526,6.446,6.364,6.282,6.199,6.118,6.038,5.962,5.889,5.82,5.754,5.691,5.632,5.576,5.522,5.469,5.416,5.362,5.305,5.246,5.183,5.117,5.048
BFA,6.291,6.316,6.344,6.377,6.414,6.454,6.493,6.53,6.563,6.593,6.623,6.657,6.697,6.744,6.799,6.859,6.922,6.984,7.041,7.09,7.127,7.152,7.165,7.167,7.159,7.142,7.119,7.092,7.064,7.036,7.007,6.979,6.95,6.917,6.882,6.844,6.801,6.754,6.704,6.65,6.592,6.531,6.468,6.403,6.335,6.265,6.192,6.116,6.036,5.953,5.868,5.781,5.693,5.607,5.521,5.436
BGD,6.725,6.761,6.794,6.825,6.853,6.878,6.901,6.92,6.935,6.945,6.947,6.942,6.928,6.904,6.869,6.821,6.758,6.681,6.59,6.483,6.359,6.217,6.058,5.884,5.698,5.501,5.298,5.092,4.887,4.686,4.494,4.314,4.146,3.99,3.846,3.713,3.592,3.479,3.372,3.27,3.17,3.071,2.973,2.876,2.782,2.69,2.603,2.522,2.449,2.384,2.328,2.279,2.236,2.199,2.165,2.133
BGR,2.31,2.29,2.24,2.21,2.19,2.09,2.03,2.02,2.27,2.27,2.17,2.1,2.03,2.15,2.29,2.23,2.24,2.21,2.15,2.16,2.05,2,2.01,2.01,2.01,1.97,2.02,1.96,1.97,1.9,1.82,1.66,1.55,1.46,1.37,1.23,1.23,1.09,1.11,1.23,1.26,1.21,1.23,1.26,1.33,1.37,1.44,1.49,1.56,1.66,1.57,1.51,1.5,1.48,1.53,1.53
BHR,7.087,7.129,7.163,7.185,7.188,7.162,7.099,6.997,6.86,6.692,6.501,6.297,6.094,5.899,5.721,5.56,5.417,5.285,5.158,5.036,4.916,4.8,4.688,4.578,4.47,4.36,4.245,4.124,3.997,3.866,3.732,3.599,3.471,3.352,3.244,3.147,3.062,2.987,2.919,2.856,2.795,2.731,2.663,2.59,2.514,2.436,2.363,2.297,2.241,2.197,2.164,2.139,2.118,2.098,2.078,2.056
BHS,4.495,4.496,4.45,4.356,4.22,4.057,3.893,3.75,3.641,3.571,3.531,3.504,3.469,3.411,3.33,3.234,3.139,3.062,3.012,2.99,2.989,2.994,2.989,2.965,2.919,2.857,2.789,2.728,2.683,2.654,2.639,2.631,2.621,2.601,2.566,2.514,2.443,2.357,2.263,2.165,2.071,1.99,1.927,1.885,1.863,1.859,1.865,1.874,1.879,1.876,1.865,1.847,1.827,1.808,1.792,1.778
BIH,3.801,3.74,3.676,3.601,3.515,3.417,3.313,3.208,3.109,3.016,2.929,2.844,2.759,2.671,2.58,2.489,2.401,2.318,2.243,2.178,2.122,2.075,2.034,1.998,1.964,1.932,1.9,1.868,1.835,1.803,1.772,1.748,1.73,1.72,1.713,1.706,1.69,1.662,1.619,1.562,1.497,1.432,1.374,1.33,1.301,1.288,1.287,1.291,1.297,1.302,1.306,1.309,1.314,1.322,1.332,1.345
BLR,2.67,2.59,2.5,2.4,2.31,2.27,2.29,2.26,2.22,2.26,2.31,2.31,2.28,2.25,2.21,2.17,2.12,2.08,2.06,2.05,2.03,2.02,2.05,2.11,2.11,2.09,2.09,2.03,2.031,2.026,1.913,1.805,1.764,1.623,1.533,1.406,1.335,1.25,1.3,1.31,1.317,1.286,1.24,1.232,1.233,1.252,1.335,1.429,1.488,1.509,1.494,1.515,1.62,1.668,1.696,1.724
BLZ,6.5,6.48,6.46,6.44,6.42,6.4,6.379,6.358,6.337,6.316,6.299,6.288,6.284,6.285,6.287,6.278,6.25,6.195,6.109,5.992,5.849,5.684,5.51,5.336,5.17,5.019,4.886,4.771,4.671,4.584,4.508,4.436,4.363,4.286,4.201,4.109,4.01,3.908,3.805,3.703,3.6,3.496,3.39,3.282,3.175,3.072,2.977,2.893,2.821,2.762,2.715,2.676,2.642,2.61,2.578,2.544
BMU,,,,,,,,,,,,,,,,,,,,,,,,,,,,,,,,,,,,1.8,,,,,1.74,1.75,1.77,1.8,1.78,1.76,1.76,1.76,1.77,1.76,1.76,1.59,1.59,1.63,1.63,1.62
BOL,6.7,6.668,6.633,6.597,6.559,6.519,6.477,6.432,6.384,6.335,6.284,6.233,6.182,6.132,6.081,6.029,5.975,5.917,5.855,5.787,5.715,5.637,5.556,5.472,5.386,5.3,5.215,5.132,5.051,4.971,4.894,4.817,4.741,4.664,4.585,4.503,4.418,4.331,4.241,4.148,4.055,3.96,3.866,3.773,3.683,3.595,3.51,3.427,3.348,3.272,3.2,3.134,3.072,3.017,2.966,2.921
BRA,6.07,6.047,6.004,5.937,5.847,5.733,5.6,5.454,5.304,5.153,5.009,4.877,4.756,4.647,4.55,4.463,4.385,4.311,4.235,4.156,4.068,3.97,3.861,3.743,3.618,3.488,3.358,3.232,3.113,3.005,2.909,2.827,2.756,2.694,2.638,2.586,2.535,2.482,2.426,2.365,2.3,2.232,2.163,2.096,2.033,1.975,1.926,1.884,1.851,1.824,1.805,1.79,1.777,1.765,1.753,1.74
BRB,4.333,4.313,4.269,4.196,4.094,3.963,3.807,3.637,3.46,3.284,3.113,2.949,2.794,2.648,2.513,2.393,2.288,2.198,2.121,2.057,2.004,1.96,1.922,1.889,1.858,1.83,1.805,1.782,1.765,1.75,1.74,1.733,1.729,1.728,1.729,1.73,1.733,1.736,1.739,1.742,1.744,1.746,1.749,1.752,1.755,1.759,1.763,1.768,1.772,1.777,1.781,1.785,1.788,1.791,1.794,1.796
BRN,6.836,6.771,6.683,6.572,6.44,6.297,6.156,6.026,5.912,5.812,5.719,5.619,5.5,5.355,5.183,4.99,4.784,4.58,4.389,4.216,4.067,3.943,3.84,3.751,3.675,3.608,3.546,3.488,3.428,3.363,3.291,3.209,3.118,3.02,2.914,2.802,2.685,2.564,2.444,2.328,2.218,2.119,2.03,1.954,1.893,1.847,1.819,1.808,1.809,1.821,1.838,1.857,1.874,1.884,1.888,1.884
BTN,6.67,6.67,6.67,6.67,6.67,6.67,6.67,6.67,6.67,6.67,6.671,6.674,6.679,6.685,6.69,6.692,6.685,6.668,6.64,6.601,6.553,6.504,6.456,6.41,6.362,6.306,6.23,6.127,5.994,5.829,5.639,5.431,5.216,5.003,4.796,4.597,4.4,4.203,4.002,3.801,3.604,3.416,3.244,3.089,2.954,2.837,2.734,2.64,2.55,2.464,2.382,2.305,2.236,2.177,2.128,2.086
BWA,6.615,6.632,6.649,6.666,6.681,6.692,6.698,6.697,6.687,6.67,6.645,6.615,6.582,6.547,6.51,6.472,6.433,6.392,6.345,6.288,6.214,6.114,5.984,5.826,5.644,5.445,5.239,5.04,4.854,4.687,4.54,4.411,4.292,4.177,4.064,3.951,3.836,3.72,3.606,3.494,3.387,3.286,3.194,3.113,3.043,2.987,2.946,2.918,2.901,2.891,2.884,2.876,2.863,2.842,2.812,2.774
CAF,5.84,5.867,5.891,5.91,5.925,5.937,5.945,5.95,5.953,5.954,5.954,5.954,5.953,5.952,5.951,5.95,5.951,5.952,5.953,5.954,5.954,5.955,5.955,5.953,5.949,5.94,5.926,5.905,5.878,5.845,5.808,5.767,5.727,5.687,5.651,5.618,5.589,5.564,5.541,5.52,5.5,5.48,5.459,5.436,5.411,5.383,5.353,5.322,5.289,5.254,5.215,5.172,5.123,5.067,5.006,4.94
CAN,3.811,3.753,3.681,3.607,3.456,3.115,2.749,2.528,2.386,2.334,2.258,2.141,1.98,1.89,1.837,1.824,1.796,1.782,1.768,1.754,1.74,1.7,1.69,1.68,1.65,1.67,1.675,1.68,1.68,1.77,1.83,1.7,1.71,1.7,1.6695,1.639,1.592,1.55,1.53,1.51,1.49,1.505,1.52,1.53,1.53,1.54,1.5862,1.6589,1.6808,1.668,1.6269,1.61,1.6142,1.587,1.6,1.6
CEB,2.4970817125,2.4006636104,2.309160568,2.3138524804,2.2586916663,2.1986924066,2.1186198448,2.470604199,2.4527827584,2.355274645,2.2889037177,2.2590635425,2.2337323489,2.2467713006,2.3641353403,2.3381169309,2.322345852,2.2833651496,2.2463972763,2.251606206,2.1944176402,2.1505628933,2.1407479791,2.1435452939,2.1642161327,2.1621569751,2.1376260805,2.096846126,2.0776055955,2.0177296955,1.93106007,1.8563052301,1.7515037768,1.6710095953,1.5901648733,1.4688451545,1.4291941669,1.3816974307,1.3384345258,1.311511723,1.3177126964,1.2757351373,1.2535153392,1.2510798588,1.2764819054,1.3126693828,1.3419383363,1.3811925184,1.4663722711,1.4905543028,1.4653245018,1.3961472233,1.4157250847,1.3782475892,1.4351255126,1.4348297225
CHE,2.44,2.52,2.58,2.65,2.66,2.59,2.5,2.39,2.29,2.19,2.1,2.04,1.91,1.81,1.73,1.61,1.55,1.53,1.51,1.52,1.55,1.55,1.56,1.52,1.53,1.52,1.53,1.52,1.57,1.56,1.58,1.58,1.58,1.51,1.49,1.48,1.5,1.48,1.47,1.48,1.5,1.38,1.39,1.39,1.42,1.42,1.44,1.46,1.48,1.5,1.52,1.52,1.52,1.52,1.54,1.54
CHI,2.421,2.481,2.525,2.55,2.551,2.526,2.475,2.404,2.318,2.222,2.121,2.019,1.918,1.822,1.735,1.659,1.596,1.546,1.505,1.475,1.454,1.441,1.434,1.433,1.434,1.437,1.441,1.446,1.452,1.457,1.46,1.461,1.457,1.45,1.441,1.43,1.42,1.411,1.405,1.402,1.402,1.404,1.408,1.411,1.413,1.415,1.417,1.42,1.424,1.43,1.436,1.444,1.451,1.459,1.465,1.472
CHL,5.102,5.054,4.996,4.926,4.844,4.747,4.632,4.499,4.351,4.189,4.019,3.844,3.672,3.506,3.353,3.215,3.095,2.993,2.906,2.834,2.778,2.737,2.709,2.691,2.678,2.667,2.654,2.637,2.614,2.584,2.547,2.503,2.456,2.408,2.36,2.313,2.269,2.225,2.183,2.144,2.107,2.074,2.046,2.022,2.001,1.982,1.964,1.945,1.925,1.903,1.879,1.856,1.834,1.815,1.798,1.785
CHN,5.748,5.919,6.089,6.237,6.346,6.396,6.375,6.286,6.133,5.92,5.648,5.322,4.956,4.57,4.181,3.809,3.472,3.18,2.938,2.753,2.63,2.57,2.56,2.582,2.623,2.661,2.675,2.654,2.593,2.489,2.35,2.187,2.021,1.868,1.739,1.639,1.571,1.527,1.503,1.494,1.497,1.508,1.524,1.54,1.554,1.565,1.572,1.577,1.581,1.586,1.59,1.594,1.599,1.604,1.61,1.617
CIV,7.691,7.72,7.75,7.781,7.811,7.841,7.868,7.893,7.912,7.927,7.936,7.941,7.942,7.939,7.929,7.91,7.877,7.828,7.763,7.682,7.59,7.488,7.383,7.278,7.176,7.078,6.984,6.892,6.801,6.71,6.622,6.536,6.454,6.374,6.298,6.224,6.152,6.079,6.006,5.932,5.859,5.787,5.717,5.651,5.589,5.531,5.476,5.423,5.372,5.321,5.269,5.216,5.16,5.101,5.039,4.976
CMR,5.647,5.705,5.766,5.828,5.89,5.949,6.004,6.058,6.108,6.157,6.203,6.246,6.287,6.328,6.367,6.406,6.448,6.492,6.538,6.583,6.625,6.661,6.688,6.704,6.707,6.695,6.667,6.626,6.573,6.509,6.436,6.354,6.264,6.17,6.073,5.978,5.886,5.799,5.718,5.645,5.58,5.524,5.475,5.431,5.39,5.35,5.309,5.266,5.219,5.167,5.111,5.049,4.984,4.917,4.848,4.778
COD,6.001,6.015,6.03,6.048,6.067,6.089,6.111,6.135,6.161,6.187,6.215,6.244,6.275,6.308,6.341,6.376,6.41,6.444,6.476,6.506,6.535,6.562,6.587,6.612,6.636,6.658,6.679,6.699,6.717,6.733,6.746,6.758,6.767,6.773,6.777,6.779,6.777,6.774,6.768,6.76,6.751,6.74,6.73,6.718,6.705,6.69,6.671,6.649,6.621,6.587,6.544,6.493,6.432,6.363,6.286,6.202
COG,5.88,5.921,5.965,6.008,6.052,6.094,6.136,6.177,6.216,6.253,6.288,6.319,6.347,6.369,6.384,6.389,6.382,6.36,6.324,6.273,6.21,6.134,6.05,5.959,5.866,5.773,5.681,5.59,5.503,5.422,5.349,5.287,5.236,5.195,5.165,5.144,5.13,5.12,5.112,5.105,5.096,5.086,5.076,5.066,5.054,5.042,5.028,5.012,4.995,4.973,4.948,4.915,4.876,4.83,4.778,4.721
COL,6.807,6.801,6.779,6.736,6.668,6.567,6.425,6.246,6.034,5.797,5.548,5.3,5.067,4.857,4.675,4.523,4.396,4.284,4.177,4.071,3.965,3.855,3.744,3.634,3.526,3.42,3.32,3.227,3.142,3.065,2.994,2.927,2.86,2.794,2.727,2.66,2.596,2.535,2.481,2.432,2.389,2.349,2.311,2.274,2.236,2.197,2.157,2.118,2.08,2.044,2.01,1.978,1.948,1.921,1.897,1.874
COM,6.792,6.849,6.897,6.939,6.975,7.004,7.027,7.044,7.055,7.06,7.061,7.06,7.058,7.055,7.052,7.052,7.055,7.061,7.069,7.075,7.078,7.072,7.056,7.026,6.982,6.921,6.842,6.749,6.644,6.531,6.412,6.291,6.171,6.053,5.941,5.835,5.736,5.642,5.552,5.466,5.384,5.307,5.235,5.167,5.103,5.042,4.984,4.927,4.87,4.813,4.754,4.693,4.628,4.561,4.491,4.42
CPV,6.885,6.922,6.953,6.976,6.989,6.993,6.99,6.982,6.97,6.954,6.935,6.913,6.887,6.855,6.818,6.771,6.714,6.645,6.564,6.473,6.375,6.274,6.174,6.075,5.979,5.883,5.784,5.68,5.565,5.441,5.307,5.162,5.011,4.856,4.698,4.539,4.38,4.222,4.065,3.911,3.762,3.62,3.484,3.357,3.237,3.126,3.022,2.925,2.833,2.747,2.666,2.593,2.528,2.47,2.419,2.374
CRI,6.451,6.405,6.322,6.201,6.044,5.853,5.63,5.383,5.123,4.861,4.611,4.385,4.188,4.026,3.898,3.805,3.741,3.695,3.657,3.622,3.588,3.552,3.517,3.482,3.448,3.411,3.371,3.328,3.281,3.229,3.172,3.11,3.044,2.973,2.899,2.821,2.737,2.649,2.557,2.463,2.373,2.29,2.216,2.155,2.105,2.065,2.034,2.006,1.979,1.951,1.922,1.893,1.866,1.841,1.819,1.8
CSS,5.5999652783,5.6132070946,5.603630157,5.5711006196,5.5163724516,5.4413498322,5.3466723835,5.2369703851,5.1171145483,4.9912343314,4.8613345158,4.723871377,4.5796594494,4.4302368513,4.2766638615,4.1259309493,3.9886840126,3.8655680377,3.7590009975,3.6708910091,3.5968131937,3.5309401136,3.4655623319,3.3960584565,3.3203161238,3.2381320623,3.1533669073,3.0707451522,2.9945298935,2.925575095,2.8655223837,2.8125573018,2.7658137574,2.7225911537,2.6818186336,2.6415866236,2.602209542,2.5617444275,2.5203336808,2.478552596,2.4369899227,2.3964703426,2.3589259227,2.3250018368,2.2942706212,2.2674740212,2.2435274301,2.2207689298,2.1980978738,2.1750193407,2.1519602986,2.1296174738,2.1078266846,2.0872210612,2.0684765486,2.0508180208
CUB,4.182,4.36,4.509,4.606,4.643,4.617,4.54,4.433,4.312,4.18,4.033,3.857,3.646,3.4,3.127,2.844,2.573,2.332,2.134,1.987,1.892,1.843,1.826,1.825,1.832,1.837,1.836,1.826,1.809,1.782,1.75,1.715,1.684,1.66,1.645,1.637,1.635,1.634,1.631,1.625,1.617,1.606,1.594,1.583,1.575,1.57,1.572,1.581,1.596,1.616,1.639,1.663,1.685,1.702,1.713,1.72
CUW,,,,,,,,,,,,,,,,,,,,,,,,,,,,,,,,,,,,,,,,,,,,,,,2.1,2,2.2,2.1,2.2,2.1,2.2,2.1,2,1.9
CYM,,,,,,,,,,,,,,,,,,,,,,,,,,,,,,,,,,,,,,,,,,,,,,,,,,,,,,,,
CYP,3.5,3.471,3.421,3.346,3.249,3.133,3.01,2.889,2.779,2.686,2.61,2.547,2.491,2.44,2.393,2.352,2.323,2.31,2.312,2.328,2.354,2.385,2.415,2.438,2.453,2.458,2.456,2.45,2.442,2.43,2.411,2.381,2.337,2.278,2.206,2.124,2.036,1.946,1.861,1.783,1.716,1.66,1.614,1.576,1.545,1.52,1.498,1.479,1.461,1.443,1.424,1.405,1.388,1.373,1.36,1.35
CZE,2.09,2.11,2.12,2.31,2.34,2.18,2.02,1.91,1.84,1.87,1.92,2,2.09,2.31,2.46,2.43,2.39,2.34,2.33,2.27,2.08,2,2,1.97,1.97,1.95,1.92,1.91,1.94,1.87,1.9,1.86,1.71,1.67,1.44,1.28,1.18,1.17,1.16,1.13,1.15,1.15,1.17,1.18,1.23,1.29,1.34,1.45,1.51,1.51,1.51,1.43,1.45,1.46,1.53,1.53
DEU,2.37,2.45,2.44,2.51,2.54,2.5,2.53,2.48,2.38,2.21,2.03,1.92,1.71,1.54,1.51,1.45,1.45,1.4,1.38,1.38,1.44,1.43,1.41,1.33,1.29,1.37,1.43,1.43,1.46,1.42,1.45,1.33,1.29,1.28,1.24,1.25,1.3,1.35,1.36,1.36,1.38,1.35,1.34,1.34,1.36,1.34,1.33,1.37,1.38,1.36,1.39,1.39,1.41,1.42,1.47,1.5
DJI,6.461,6.493,6.527,6.561,6.595,6.629,6.665,6.702,6.739,6.774,6.804,6.823,6.83,6.823,6.803,6.77,6.729,6.685,6.639,6.596,6.554,6.513,6.471,6.426,6.378,6.328,6.28,6.234,6.188,6.137,6.073,5.986,5.869,5.721,5.546,5.352,5.152,4.958,4.78,4.622,4.484,4.359,4.24,4.118,3.994,3.867,3.739,3.617,3.502,3.397,3.301,3.213,3.131,3.055,2.982,2.913
DMA,,,,,,,,,,,,,5.5,,,,,,,,,,3.52,,,,,3,,,,,2.5,,,,,1.9,,,,,1.9,1.9,,,,,,,,,,,,
DNK,2.57,2.55,2.55,2.67,2.6,2.61,2.62,2.35,2.12,2,1.95,2.04,2.03,1.92,1.9,1.92,1.75,1.66,1.67,1.6,1.55,1.44,1.43,1.38,1.4,1.45,1.48,1.5,1.56,1.62,1.67,1.68,1.76,1.75,1.81,1.8,1.75,1.75,1.72,1.73,1.77,1.74,1.72,1.76,1.78,1.8,1.85,1.84,1.89,1.84,1.87,1.75,1.73,1.67,1.69,1.69
DOM,7.555,7.487,7.404,7.303,7.186,7.053,6.903,6.738,6.561,6.375,6.182,5.983,5.781,5.58,5.382,5.193,5.014,4.847,4.693,4.552,4.422,4.303,4.19,4.082,3.978,3.878,3.783,3.694,3.612,3.537,3.465,3.397,3.329,3.262,3.195,3.13,3.069,3.014,2.966,2.926,2.892,2.862,2.835,2.807,2.779,2.749,2.718,2.687,2.656,2.626,2.597,2.568,2.539,2.51,2.481,2.451
DZA,7.524,7.573,7.614,7.646,7.665,7.675,7.676,7.672,7.666,7.656,7.643,7.624,7.597,7.558,7.505,7.434,7.344,7.234,7.105,6.957,6.794,6.617,6.43,6.237,6.038,5.835,5.627,5.412,5.191,4.962,4.726,4.479,4.223,3.962,3.702,3.448,3.208,2.988,2.796,2.635,2.514,2.438,2.403,2.405,2.438,2.497,2.575,2.662,2.749,2.828,2.889,2.925,2.936,2.924,2.89,2.839
EAP,5.8211195842,5.9432090791,6.0616483517,6.1633449458,6.2370126578,6.268666649,6.2473691838,6.1755851264,6.0542386449,5.8849311102,5.6675588525,5.4061850406,5.1115699496,4.7995244689,4.483252323,4.1780588382,3.8964980806,3.6478127028,3.4356505432,3.2654242697,3.1411932417,3.0624547064,3.019496858,2.9997175512,2.9945570011,2.9877420121,2.9646000117,2.9177153404,2.8440765572,2.7416399823,2.6159056522,2.4753395908,2.333255472,2.2011546958,2.0873307137,1.9961398169,1.9281150944,1.8808028217,1.8509268533,1.8340581918,1.827243468,1.8279378331,1.8327807923,1.8377910075,1.8419026636,1.8441798341,1.8446561133,1.8440739471,1.8432295617,1.8437066864,1.8437853414,1.8437445524,1.8443503583,1.8448403192,1.845840631,1.8470751152
EAR,6.1461115673,6.1452835963,6.1408608797,6.1317721269,6.1172716351,6.0969373946,6.0711490952,6.0397761157,6.0031446092,5.9613272153,5.9128942499,5.8566474776,5.7929280717,5.7219068485,5.6452233469,5.5648325826,5.4833838792,5.4027389248,5.3239289441,5.2471322532,5.1719118993,5.0957922311,5.0170983539,4.9342430914,4.8461248538,4.7518663871,4.6511480227,4.5467805958,4.4375464316,4.3275163997,4.2207003552,4.1140486232,4.0078303613,3.9063164986,3.8084165121,3.719165532,3.6318891535,3.5493592971,3.4699687712,3.3962658578,3.3251825929,3.2573601037,3.1942534492,3.1317257552,3.0736752456,3.0160094171,2.9615414983,2.910356899,2.860808745,2.8110711026,2.7631782615,2.7176077855,2.6758292667,2.6385313688,2.6031853364,2.569395285
EAS,5.3935904439,5.4817177782,5.5634650583,5.6398984784,5.6945493842,5.7234969202,5.6405440554,5.6212031876,5.5371663671,5.3918673667,5.2153517833,5.0009542,4.7370712075,4.4715330799,4.1850506038,3.899832114,3.6498860192,3.4304731256,3.2409416254,3.1018393189,2.9920588483,2.9186980456,2.8799640923,2.8565669069,2.8445604106,2.833907961,2.8072021506,2.7648482327,2.7026616158,2.6054925853,2.4966408375,2.3747919627,2.2504746108,2.1292546368,2.0315853198,1.9458667936,1.8840867201,1.8388696334,1.8064125242,1.7897600532,1.7885692841,1.7799696993,1.7806208901,1.7832851456,1.7869274869,1.7863012386,1.7923003519,1.7968016495,1.7963226955,1.7955963461,1.7969518711,1.799552561,1.8049178659,1.8003743562,1.8025008886,1.8063298165
ECA,3.1343078356,3.069114408,3.024877235,2.9614425954,2.8910142247,2.8575553084,2.8365795159,2.9129343274,2.8841725721,2.8471368037,2.8368494304,2.8220386903,2.8119723525,2.7754305733,2.7758958299,2.7365262586,2.70425291,2.6692271498,2.6360156896,2.6025411362,2.5705546804,2.5485624825,2.5966674312,2.621235764,2.600778902,2.5721603978,2.6074947973,2.6163062748,2.5420450807,2.4442736239,2.3333591868,2.2223756443,2.1071245589,1.9797322409,1.9315854121,1.8737098551,1.8007619148,1.7360419721,1.701715089,1.6439787868,1.6382800934,1.629054906,1.6573435617,1.6663249798,1.6977189805,1.6712849494,1.7001114388,1.7677127638,1.8395246988,1.8504393994,1.8474416727,1.8435131294,1.8972189672,1.9074701665,1.9422610089,1.9449716464
ECS,2.8345249044,2.8220572745,2.8024664437,2.7973896949,2.7874989605,2.7409779833,2.708503085,2.714340512,2.6630478231,2.6090374367,2.5623503132,2.5426004661,2.4795516613,2.4156670502,2.4022955773,2.3473811455,2.3091375305,2.2549553715,2.2197639527,2.1937575152,2.167577983,2.1332878491,2.1413894364,2.1314572006,2.1067112902,2.0913232969,2.0976216829,2.0920124114,2.0621022672,2.0013516705,1.957997544,1.8931660098,1.8203032949,1.7421605172,1.6989151304,1.6544234068,1.6203592219,1.5926084044,1.5708923662,1.544612784,1.5559163529,1.5419440886,1.554670838,1.5684174733,1.5972456066,1.5887040001,1.6188836647,1.6637199099,1.7218935232,1.7206931383,1.7277580085,1.7127832861,1.73832579,1.7265700818,1.7537572497,1.7582915168
ECU,6.721,6.7,6.676,6.646,6.61,6.564,6.507,6.436,6.351,6.252,6.138,6.011,5.873,5.727,5.577,5.426,5.276,5.129,4.988,4.853,4.727,4.611,4.503,4.401,4.305,4.213,4.123,4.034,3.945,3.856,3.767,3.679,3.594,3.514,3.437,3.364,3.294,3.225,3.157,3.09,3.027,2.968,2.914,2.868,2.828,2.793,2.763,2.736,2.71,2.684,2.656,2.628,2.599,2.571,2.542,2.514
EGY,6.716,6.696,6.673,6.646,6.615,6.577,6.529,6.469,6.399,6.319,6.233,6.144,6.056,5.974,5.899,5.833,5.776,5.727,5.682,5.639,5.6,5.563,5.528,5.489,5.444,5.382,5.294,5.177,5.031,4.857,4.663,4.455,4.247,4.048,3.865,3.705,3.571,3.459,3.367,3.293,3.233,3.181,3.133,3.088,3.047,3.016,3.004,3.016,3.055,3.114,3.185,3.253,3.306,3.335,3.336,3.311
EMU,2.6011658747,2.6329989203,2.6386016224,2.679863994,2.733364284,2.6794134026,2.661146063,2.61978777,2.5572118955,2.4870875731,2.3931528974,2.3444571356,2.2357555952,2.1317597142,2.0997283946,2.0233880538,1.9826163405,1.9083122401,1.8528350621,1.8009895733,1.7742670624,1.7260247323,1.6978074494,1.6388712029,1.6014683474,1.5904831661,1.5793514989,1.557838846,1.5623111103,1.5295845294,1.5341577597,1.4886000716,1.4674651105,1.4348546211,1.3975208654,1.3827617168,1.3955898821,1.4146808056,1.4155254142,1.4308862671,1.4703048978,1.456046085,1.4587326041,1.4730023255,1.4954753353,1.4993921118,1.5226494399,1.5398369389,1.5803327216,1.5637325111,1.5797880554,1.5614929731,1.553827871,1.530211292,1.5541118223,1.5621542319
ERI,6.899,6.868,6.837,6.806,6.778,6.752,6.728,6.706,6.686,6.667,6.65,6.636,6.624,6.615,6.609,6.609,6.614,6.625,6.64,6.658,6.675,6.686,6.69,6.683,6.665,6.636,6.597,6.552,6.502,6.448,6.387,6.316,6.233,6.137,6.03,5.914,5.793,5.67,5.549,5.434,5.328,5.233,5.149,5.073,5.005,4.942,4.881,4.818,4.752,4.681,4.605,4.525,4.444,4.363,4.285,4.208
ESP,2.86,2.77,2.8,2.88,3.01,2.94,2.91,2.94,2.87,2.86,2.84,2.9,2.87,2.84,2.88,2.77,2.77,2.65,2.54,2.37,2.22,2.04,1.94,1.8,1.73,1.64,1.56,1.49,1.45,1.4,1.36,1.33,1.31,1.26,1.19,1.16,1.14,1.15,1.13,1.17,1.22,1.23,1.25,1.3,1.31,1.33,1.36,1.38,1.45,1.38,1.37,1.34,1.32,1.27,1.32,1.32
EST,1.98,1.98,1.95,1.89,1.94,1.88,1.87,1.9,2.03,2.13,2.17,2.19,2.13,2.06,2.07,2.04,2.07,2.06,2.02,2,2.02,2.07,2.07,2.16,2.17,2.13,2.18,2.27,2.27,2.22,2.05,1.8,1.71,1.49,1.42,1.38,1.37,1.32,1.28,1.3,1.36,1.32,1.36,1.37,1.47,1.52,1.58,1.69,1.72,1.7,1.72,1.61,1.56,1.52,1.54,1.54
ETH,6.88,6.877,6.875,6.872,6.867,6.864,6.867,6.88,6.903,6.937,6.978,7.02,7.06,7.094,7.121,7.143,7.167,7.195,7.23,7.271,7.316,7.36,7.397,7.424,7.437,7.435,7.418,7.387,7.347,7.298,7.246,7.193,7.143,7.094,7.046,6.995,6.935,6.861,6.769,6.659,6.529,6.38,6.216,6.044,5.867,5.69,5.519,5.355,5.201,5.057,4.924,4.798,4.677,4.556,4.437,4.317
EUU,2.5836295287,2.5948737318,2.5903514783,2.6235564073,2.6539681885,2.5964991505,2.5561308644,2.5959710777,2.5356261644,2.4510396847,2.3642350784,2.3231815085,2.2216080382,2.1378572071,2.1312833372,2.0624926595,2.0207923127,1.9565704562,1.9182460616,1.8984833552,1.8733307757,1.8198530963,1.793685009,1.7521177738,1.7337820549,1.73043767,1.7177775475,1.6991662722,1.7027106189,1.6673108305,1.658122,1.6119345216,1.5739587879,1.5329849498,1.4907157802,1.449609729,1.4499099129,1.4499542067,1.4397049677,1.4402777788,1.4642029678,1.4468883014,1.4453961688,1.4637872384,1.4906764484,1.502625148,1.5335364294,1.5582189656,1.6091850754,1.6006336902,1.6115782221,1.5811593459,1.5825126386,1.5466256652,1.5709262335,1.5764393074
FCS,6.5893079373,6.6128794597,6.6392119335,6.6662807446,6.6919139755,6.714363313,6.7311183954,6.7423652986,6.7474885195,6.7462201016,6.7388611579,6.7265496778,6.7111535073,6.6938306923,6.6751416678,6.65603906,6.6355903383,6.613331611,6.5874669505,6.5577750067,6.5227668421,6.4802358025,6.4312369045,6.3765369392,6.3162841537,6.2511477507,6.181586674,6.1089619085,6.0349722438,5.9613628908,5.8961890892,5.8283052599,5.7644429818,5.7035972326,5.6443139883,5.5862150299,5.5262883162,5.4670885562,5.4088530207,5.3526120559,5.2990192644,5.249356078,5.2010620468,5.153382487,5.1051554824,5.0559776175,5.0036618003,4.9511542777,4.8986861517,4.8463773366,4.7939276917,4.7409045385,4.6868840317,4.6309403106,4.5728119972,4.5127983963
FIN,2.72,2.72,2.68,2.68,2.59,2.48,2.41,2.32,2.14,1.93,1.83,1.68,1.58,1.49,1.61,1.68,1.7,1.68,1.64,1.64,1.63,1.64,1.71,1.74,1.69,1.64,1.6,1.59,1.69,1.71,1.78,1.79,1.85,1.81,1.85,1.81,1.76,1.75,1.7,1.73,1.73,1.73,1.72,1.76,1.8,1.8,1.84,1.83,1.85,1.86,1.87,1.83,1.8,1.75,1.71,1.71
FJI,6.461,6.281,6.085,5.881,5.676,5.475,5.278,5.083,4.892,4.71,4.543,4.397,4.275,4.178,4.106,4.054,4.018,3.992,3.968,3.941,3.907,3.864,3.813,3.755,3.693,3.629,3.568,3.512,3.465,3.427,3.398,3.374,3.352,3.33,3.305,3.276,3.244,3.209,3.171,3.132,3.09,3.046,3.001,2.954,2.907,2.86,2.816,2.774,2.735,2.701,2.669,2.641,2.615,2.59,2.565,2.541
FRA,2.85,2.87,2.89,2.89,2.87,2.84,2.8,2.75,2.69,2.62,2.55,2.47,2.38,2.28,2.18,2.09,2.01,1.94,1.89,1.87,1.85,1.85,1.86,1.86,1.86,1.86,1.85,1.83,1.81,1.79,1.77,1.75,1.74,1.73,1.73,1.74,1.75,1.77,1.78,1.81,1.89,1.9,1.88,1.89,1.92,1.94,2,1.98,2.01,2,2.03,2.01,2.01,1.99,2.01,2.01
FRO,,,,,,,,,,,3.4,3.2,3.3,3.2,3.1,2.9,2.7,2.7,2.6,2.7,2.5,2.5,2.3,2.2,2.2,2.3,2.4,2.4,2.6,2.7,2.8,2.6,2.5,2.5,2.4,2.5,2.6,2.5,2.3,2.3,2.6,2.3,2.6,2.5,2.6,2.6,2.5,2.6,2.6,2.4,2.5,2.3,2.6,2.5,2.6,2.4
FSM,6.934,6.917,6.905,6.897,6.893,6.894,6.9,6.911,6.924,6.935,6.938,6.925,6.894,6.842,6.77,6.682,6.586,6.49,6.398,6.311,6.223,6.129,6.02,5.894,5.752,5.6,5.446,5.299,5.167,5.052,4.958,4.882,4.82,4.766,4.716,4.664,4.608,4.544,4.471,4.39,4.3,4.204,4.105,4.007,3.912,3.823,3.739,3.661,3.589,3.522,3.46,3.402,3.347,3.294,3.243,3.194
GAB,4.384,4.462,4.541,4.619,4.694,4.766,4.834,4.899,4.961,5.021,5.081,5.143,5.208,5.275,5.343,5.412,5.48,5.543,5.6,5.648,5.684,5.709,5.722,5.723,5.712,5.689,5.654,5.609,5.554,5.491,5.421,5.345,5.263,5.176,5.087,4.996,4.903,4.809,4.716,4.625,4.539,4.46,4.389,4.327,4.274,4.23,4.194,4.164,4.137,4.112,4.083,4.05,4.01,3.963,3.91,3.85
GBR,2.69,2.78,2.86,2.88,2.93,2.86,2.78,2.68,2.6,2.51,2.44,2.41,2.2,2.04,1.92,1.81,1.74,1.69,1.75,1.86,1.9,1.82,1.78,1.77,1.77,1.79,1.78,1.81,1.82,1.79,1.83,1.82,1.79,1.76,1.74,1.71,1.73,1.72,1.71,1.68,1.64,1.63,1.63,1.7,1.75,1.76,1.82,1.86,1.91,1.89,1.92,1.91,1.92,1.83,1.81,1.81
GEO,2.942,2.943,2.937,2.924,2.906,2.882,2.854,2.821,2.785,2.747,2.707,2.665,2.622,2.577,2.533,2.489,2.448,2.409,2.373,2.341,2.314,2.296,2.284,2.277,2.275,2.273,2.269,2.26,2.243,2.217,2.18,2.132,2.076,2.013,1.946,1.879,1.812,1.749,1.692,1.643,1.608,1.589,1.586,1.599,1.625,1.664,1.712,1.766,1.821,1.873,1.918,1.954,1.98,1.996,2.003,2.003
GHA,6.749,6.789,6.827,6.862,6.893,6.918,6.937,6.95,6.957,6.957,6.95,6.936,6.915,6.888,6.855,6.815,6.771,6.721,6.665,6.605,6.539,6.468,6.392,6.31,6.223,6.131,6.032,5.928,5.82,5.71,5.602,5.499,5.403,5.317,5.239,5.168,5.102,5.036,4.969,4.899,4.826,4.753,4.681,4.612,4.548,4.49,4.438,4.392,4.35,4.311,4.273,4.234,4.192,4.146,4.096,4.042
GIB,,,,,,,,,,,,,,,,,,,,,,,,,,,,,,,,,,,,,,,,,,,,,,,,,,,,,,,,
GIN,6.114,6.127,6.138,6.147,6.154,6.16,6.168,6.177,6.189,6.205,6.225,6.249,6.277,6.306,6.337,6.369,6.402,6.436,6.468,6.5,6.529,6.557,6.581,6.602,6.619,6.631,6.637,6.637,6.631,6.618,6.598,6.57,6.535,6.493,6.444,6.391,6.334,6.273,6.211,6.147,6.082,6.015,5.947,5.877,5.804,5.729,5.653,5.575,5.496,5.417,5.336,5.256,5.175,5.094,5.014,4.934
GMB,5.573,5.621,5.672,5.723,5.776,5.83,5.884,5.938,5.991,6.043,6.093,6.141,6.185,6.226,6.262,6.293,6.316,6.333,6.342,6.343,6.337,6.323,6.303,6.277,6.248,6.219,6.19,6.164,6.141,6.122,6.107,6.094,6.082,6.069,6.054,6.038,6.021,6.002,5.984,5.966,5.947,5.927,5.906,5.884,5.86,5.835,5.81,5.785,5.76,5.735,5.707,5.676,5.638,5.595,5.544,5.488
GNB,5.921,5.931,5.941,5.951,5.961,5.971,5.982,5.994,6.008,6.024,6.041,6.06,6.078,6.098,6.12,6.15,6.192,6.249,6.32,6.401,6.487,6.569,6.64,6.694,6.727,6.739,6.734,6.717,6.693,6.663,6.627,6.582,6.526,6.458,6.381,6.294,6.201,6.105,6.009,5.913,5.82,5.73,5.641,5.555,5.47,5.389,5.312,5.241,5.174,5.11,5.049,4.987,4.923,4.855,4.784,4.71
GNQ,5.653,5.661,5.673,5.69,5.711,5.734,5.756,5.776,5.791,5.802,5.808,5.808,5.805,5.8,5.795,5.791,5.791,5.795,5.804,5.817,5.835,5.856,5.88,5.903,5.926,5.946,5.962,5.974,5.982,5.986,5.987,5.985,5.984,5.981,5.978,5.971,5.96,5.941,5.914,5.878,5.834,5.785,5.731,5.675,5.618,5.559,5.498,5.433,5.363,5.288,5.209,5.126,5.04,4.952,4.864,4.775
GRC,2.23,2.13,2.16,2.14,2.24,2.25,2.32,2.45,2.42,2.36,2.4,2.32,2.32,2.27,2.38,2.33,2.35,2.27,2.28,2.26,2.23,2.09,2.03,1.94,1.83,1.67,1.6,1.5,1.5,1.4,1.39,1.37,1.36,1.32,1.33,1.28,1.26,1.27,1.24,1.23,1.25,1.25,1.28,1.29,1.31,1.34,1.4,1.41,1.5,1.5,1.48,1.4,1.34,1.29,1.3,1.3
GRD,6.743,6.627,6.442,6.196,5.906,5.597,5.3,5.04,4.835,4.69,4.604,4.561,4.537,4.512,4.479,4.436,4.385,4.337,4.299,4.269,4.251,4.244,4.243,4.245,4.243,4.231,4.2,4.146,4.068,3.966,3.842,3.701,3.551,3.401,3.254,3.116,2.988,2.87,2.762,2.666,2.582,2.512,2.455,2.409,2.373,2.344,2.321,2.301,2.282,2.262,2.24,2.217,2.194,2.171,2.148,2.126
GRL,,,,,,,,,,,,,,,,2.345,2.255,2.349,2.197,2.187,2.435,2.332,2.236,2.054,2.107,2.241,2.044,2.083,2.317,2.299,2.444,2.421,2.607,2.578,2.527,2.512,2.493,2.69,2.457,2.415,2.329,2.51,2.566,2.372,2.415,2.377,2.256,2.299,2.247,2.359,2.195,2.117,2.019,2.077,2.037,2
GTM,6.896,6.859,6.824,6.794,6.767,6.744,6.724,6.705,6.685,6.664,6.642,6.62,6.599,6.578,6.558,6.535,6.51,6.48,6.443,6.399,6.342,6.271,6.185,6.086,5.977,5.865,5.757,5.658,5.572,5.5,5.437,5.38,5.32,5.252,5.174,5.087,4.993,4.895,4.797,4.699,4.598,4.49,4.372,4.245,4.11,3.971,3.833,3.701,3.58,3.471,3.375,3.292,3.219,3.151,3.089,3.029
GUM,6.052,6.048,5.984,5.857,5.67,5.439,5.187,4.939,4.716,4.526,4.372,4.248,4.137,4.028,3.917,3.801,3.681,3.561,3.447,3.34,3.248,3.177,3.128,3.1,3.092,3.095,3.099,3.097,3.082,3.053,3.013,2.969,2.929,2.899,2.881,2.872,2.87,2.867,2.86,2.846,2.824,2.794,2.759,2.72,2.679,2.638,2.599,2.562,2.528,2.498,2.472,2.448,2.427,2.406,2.386,2.367
GUY,6.372,6.305,6.226,6.14,6.05,5.957,5.86,5.756,5.642,5.517,5.38,5.226,5.057,4.877,4.689,4.503,4.327,4.169,4.031,3.915,3.817,3.728,3.64,3.548,3.452,3.354,3.263,3.186,3.127,3.089,3.069,3.063,3.066,3.071,3.074,3.074,3.069,3.061,3.05,3.036,3.017,2.992,2.961,2.924,2.883,2.84,2.797,2.755,2.718,2.684,2.655,2.63,2.606,2.582,2.559,2.534
HIC,3.0368966814,3.0405038328,2.991977457,2.9709363234,2.949199318,2.8502972052,2.6846382818,2.6641056805,2.6161404769,2.5694634541,2.536016874,2.4706954454,2.3290204917,2.2435838163,2.1887616683,2.0980514113,2.0457272,2.0093481051,1.9678484853,1.9778711766,1.967561441,1.9244675398,1.9144736131,1.8754533696,1.8471973916,1.8437226547,1.8186202711,1.8138695889,1.8336786802,1.8261167148,1.8495781914,1.827100731,1.8047445782,1.7683681778,1.7476502108,1.7122807949,1.7047863542,1.6935602138,1.6818706466,1.6777939839,1.7080508908,1.6710904394,1.6569562259,1.6655706195,1.6751416477,1.6722343731,1.7114382798,1.7365010447,1.7432182701,1.7146121067,1.7025629629,1.6856015556,1.6913137142,1.6582863168,1.6703339153,1.6727142538
HKG,5.014,5.03,4.98,4.857,4.665,4.422,4.152,3.887,3.649,3.448,3.284,3.459,3.315,3.177,2.967,2.666,2.48,2.376,2.272,2.12,2.047,1.933,1.86,1.722,1.559,1.491,1.367,1.311,1.4,1.296,1.272,1.281,1.347,1.342,1.355,1.295,1.191,1.127,1.017,0.982,1.035,0.932,0.939,0.901,0.927,0.966,0.984,1.028,1.064,1.055,1.127,1.204,1.285,1.124,1.234,1.195
HND,7.458,7.448,7.443,7.441,7.443,7.442,7.435,7.417,7.383,7.334,7.27,7.195,7.111,7.025,6.935,6.844,6.749,6.649,6.543,6.431,6.313,6.19,6.062,5.932,5.802,5.674,5.553,5.439,5.333,5.233,5.139,5.046,4.952,4.853,4.749,4.64,4.525,4.408,4.291,4.173,4.055,3.936,3.815,3.693,3.57,3.447,3.325,3.204,3.087,2.975,2.871,2.777,2.694,2.621,2.559,2.507
HPC,6.7482989838,6.7611812836,6.7742101642,6.7872275813,6.799572713,6.8113676603,6.8228700643,6.8346694568,6.8463320473,6.8582264623,6.8700362088,6.8812096606,6.8918145641,6.9012367703,6.9086923116,6.9144316809,6.9185134503,6.9208821443,6.9209819821,6.9185121326,6.912564905,6.9019110265,6.8863432778,6.8659908212,6.8407441809,6.8103826541,6.775627103,6.7364398601,6.6933680371,6.6467018746,6.5980153968,6.5472583176,6.4974431569,6.4483065709,6.3997086985,6.3509067057,6.2994695031,6.2452008947,6.1877654535,6.1273813965,6.0644943829,5.9992271792,5.9325594047,5.8648420005,5.7957599903,5.7250827757,5.6516920328,5.5765120861,5.4997780723,5.421482235,5.3421159845,5.2611046068,5.179465363,5.0976808395,5.016450564,4.935826044
HRV,2.288,2.253,2.218,2.18,2.14,2.1,2.062,2.03,2.006,1.989,1.979,1.973,1.967,1.96,1.95,1.937,1.925,1.913,1.903,1.895,1.888,1.879,1.9,1.88,1.87,1.82,1.76,1.64,1.79,1.63,1.63,1.53,1.48,1.52,1.47,1.58,1.67,1.69,1.45,1.38,1.39,1.46,1.42,1.41,1.43,1.5,1.47,1.48,1.55,1.58,1.55,1.48,1.51,1.46,1.46,1.46
HTI,6.324,6.318,6.302,6.274,6.233,6.179,6.109,6.026,5.937,5.846,5.762,5.692,5.642,5.616,5.614,5.641,5.698,5.779,5.872,5.97,6.058,6.122,6.154,6.149,6.106,6.028,5.921,5.799,5.673,5.548,5.43,5.318,5.21,5.103,4.997,4.89,4.779,4.665,4.547,4.425,4.302,4.182,4.065,3.955,3.853,3.757,3.667,3.579,3.493,3.408,3.325,3.245,3.169,3.098,3.033,2.973
HUN,2.02,1.94,1.79,1.82,1.82,1.82,1.89,2.01,2.06,2.04,1.98,1.93,1.93,1.93,2.27,2.35,2.23,2.15,2.06,2.01,1.91,1.88,1.8,1.75,1.75,1.85,1.84,1.82,1.81,1.82,1.87,1.87,1.77,1.68,1.64,1.57,1.46,1.37,1.32,1.28,1.32,1.31,1.3,1.27,1.28,1.31,1.34,1.32,1.35,1.32,1.25,1.23,1.34,1.35,1.44,1.44
IBD,5.4308257263,5.4660662394,5.52004088,5.5540256876,5.5681950504,5.5666236254,5.5356659952,5.4957215593,5.4138205725,5.3082312958,5.183970096,5.0291719162,4.8729982411,4.697083559,4.5238348128,4.3500405294,4.1878562193,4.0396161466,3.9094729022,3.7999718581,3.7110552849,3.6392433623,3.5992952422,3.5630604116,3.5255268094,3.4849448896,3.4411313892,3.3816206785,3.3008721616,3.2021099853,3.0916017042,2.9717848458,2.8553258806,2.7432517767,2.650794677,2.5657378214,2.497959749,2.4396020821,2.3968250088,2.3570057846,2.3273019208,2.3022232568,2.2824826413,2.2632892974,2.245369882,2.2238661143,2.2063907328,2.1922523775,2.1799955458,2.1642361583,2.1488164731,2.1332627479,2.1245586615,2.1118122807,2.1031231831,2.0933660726
IBT,5.6268432317,5.6608744882,5.7108210395,5.7424510171,5.7569503562,5.7576064652,5.7333592379,5.7011758242,5.6337653722,5.5465331115,5.4437596915,5.3139921196,5.1845722565,5.0375872131,4.8923856713,4.7463853703,4.6092886821,4.4837743876,4.3728637458,4.2784986293,4.2005303612,4.1333046826,4.0938056148,4.0557603138,4.0161944353,3.9733928766,3.9267129232,3.8666639782,3.7877490263,3.6941275596,3.5907708463,3.4802571995,3.3731918321,3.2693068984,3.1822053289,3.1033500316,3.0367308507,2.9773044381,2.9328539003,2.890755686,2.8560313234,2.8261405296,2.8020147289,2.7779562644,2.757020473,2.7328156644,2.7128215759,2.6964171146,2.6816492501,2.6634526078,2.645596969,2.627473123,2.6153678279,2.6012744673,2.5903002581,2.5779837433
IDA,6.6123329468,6.6302485789,6.6466803584,6.6612862056,6.6731910012,6.6828720903,6.6909253196,6.6979886149,6.7041703536,6.7096141042,6.713596644,6.7148772581,6.7135303096,6.7084610723,6.6992644053,6.6862178168,6.6694431737,6.6495113671,6.625814407,6.5980571742,6.5652825578,6.5258563929,6.4801197372,6.4280072396,6.3694768197,6.3038818759,6.2311461744,6.153445659,6.0651189152,5.9752820314,5.8830337344,5.7979311763,5.7069129741,5.6176909547,5.5302330631,5.4562678976,5.3706055702,5.2868240782,5.2035654888,5.1239853861,5.0438074237,4.9664814235,4.8964669011,4.8246600627,4.7627345809,4.6978794178,4.6386894026,4.5834780507,4.5283208156,4.4691895312,4.4087217141,4.3492218667,4.2924927608,4.2401428484,4.1876375042,4.1332149033
IDB,6.4473445223,6.4626636431,6.4748175753,6.4837603592,6.4891658248,6.4926428599,6.4964988587,6.5023358597,6.5112354343,6.523189936,6.5375448744,6.5517763831,6.5655988664,6.5757322865,6.5809067244,6.580346166,6.5733057194,6.5608242786,6.5424587624,6.5193041595,6.4919883744,6.4605906331,6.4262322429,6.3891655406,6.3485040864,6.3024023218,6.247583673,6.1873426604,6.1005129325,6.0134322907,5.9181966441,5.8373549181,5.7303446204,5.6251528426,5.5187810323,5.4412644402,5.3387768996,5.2394828072,5.1374718175,5.0495244089,4.9610478824,4.8783543108,4.8171326363,4.7479531557,4.7071222131,4.6595956514,4.6263470795,4.6056032056,4.5793467138,4.5365888518,4.4826247599,4.4305828964,4.3804401413,4.3415513664,4.2959891387,4.2434121899
IDN,5.666,5.656,5.645,5.634,5.623,5.612,5.599,5.582,5.556,5.521,5.474,5.413,5.338,5.251,5.152,5.043,4.927,4.806,4.682,4.557,4.43,4.301,4.167,4.028,3.887,3.745,3.606,3.472,3.346,3.229,3.122,3.022,2.929,2.842,2.761,2.688,2.627,2.579,2.544,2.523,2.512,2.509,2.511,2.513,2.515,2.514,2.51,2.505,2.499,2.492,2.483,2.471,2.455,2.436,2.414,2.389
IDX,6.6894847687,6.7086236093,6.7270512985,6.7442724382,6.7591402893,6.7716047121,6.7815365708,6.7890678761,6.7938865519,6.7962387226,6.7953821183,6.7908412427,6.7826182779,6.7706448332,6.7549267632,6.7362300621,6.7151007914,6.6918763924,6.6658680556,6.6361042919,6.6008585396,6.5577050994,6.5065294462,6.4471085306,6.3798197033,6.3046132137,6.2230042627,6.1366340436,6.047553076,5.9563448328,5.865578595,5.778391751,5.6953135536,5.6140007182,5.5358904295,5.4636710846,5.3863175497,5.3101970711,5.236195345,5.1607413097,5.0846824551,5.01003872,4.9357281922,4.862676091,4.7903238755,4.7168755973,4.6448132881,4.5725112401,4.5030659319,4.435873915,4.3721938541,4.3090418077,4.2491025197,4.1901451953,4.134267609,4.0790176244
IMN,,2.707,,,,,,,,,,,,,,,,,,,,,,,,,,,,,,,,,1.8,,,,,,,,1.65,,,,,,,,,,,,,
IND,5.906,5.902,5.894,5.88,5.859,5.83,5.794,5.751,5.702,5.648,5.587,5.519,5.444,5.363,5.278,5.192,5.108,5.029,4.956,4.889,4.827,4.766,4.703,4.636,4.563,4.484,4.399,4.311,4.222,4.132,4.045,3.959,3.877,3.799,3.723,3.651,3.582,3.514,3.446,3.379,3.311,3.243,3.175,3.107,3.038,2.969,2.897,2.823,2.748,2.673,2.601,2.534,2.475,2.425,2.384,2.352
INX,,,,,,,,,,,,,,,,,,,,,,,,,,,,,,,,,,,,,,,,,,,,,,,,,,,,,,,,
IRL,3.78,3.78,3.92,4.01,4.07,4.04,3.94,3.84,3.77,3.83,3.85,3.93,3.84,3.71,3.59,3.37,3.29,3.24,3.21,3.21,3.21,3.05,2.94,2.74,2.58,2.48,2.44,2.32,2.17,2.08,2.11,2.08,1.99,1.9,1.85,1.84,1.88,1.93,1.94,1.9,1.89,1.94,1.97,1.96,1.93,1.86,1.91,2.01,2.06,2.06,2.05,2.03,2,1.96,1.94,1.94
IRN,6.927,6.924,6.914,6.896,6.868,6.827,6.77,6.699,6.617,6.528,6.44,6.359,6.292,6.243,6.214,6.212,6.238,6.289,6.354,6.422,6.481,6.516,6.515,6.47,6.374,6.223,6.014,5.758,5.467,5.15,4.818,4.478,4.139,3.81,3.5,3.216,2.961,2.734,2.533,2.358,2.211,2.092,1.997,1.925,1.87,1.831,1.805,1.788,1.778,1.772,1.765,1.755,1.742,1.727,1.708,1.686
IRQ,6.252,6.364,6.514,6.689,6.872,7.044,7.188,7.295,7.362,7.383,7.362,7.308,7.234,7.153,7.072,6.993,6.915,6.834,6.748,6.658,6.569,6.485,6.407,6.338,6.276,6.22,6.164,6.105,6.039,5.965,5.882,5.794,5.702,5.61,5.517,5.423,5.325,5.221,5.112,5.002,4.894,4.796,4.711,4.644,4.594,4.563,4.549,4.547,4.552,4.559,4.562,4.557,4.542,4.515,4.476,4.427
ISL,4.29,3.88,3.98,3.99,3.88,3.73,3.59,3.28,3.06,2.99,2.81,2.92,3.09,2.94,2.66,2.65,2.52,2.31,2.35,2.49,2.48,2.33,2.27,2.24,2.08,1.93,1.92,2.06,2.26,2.19,2.3,2.18,2.21,2.22,2.14,2.08,2.12,2.04,2.05,1.99,2.08,1.95,1.93,1.99,2.04,2.05,2.08,2.09,2.15,2.23,2.2,2.02,2.04,1.93,1.93,1.93
ISR,3.866,3.858,3.85,3.838,3.826,3.814,3.802,3.79,3.786,3.782,3.778,3.774,3.77,3.698,3.626,3.554,3.482,3.41,3.354,3.298,3.242,3.186,3.13,3.106,3.082,3.058,3.034,3.01,2.948,2.886,2.824,2.762,2.7,2.8,2.9,2.9,2.9,2.94,2.98,2.965,2.95,2.92,2.89,2.95,2.9,2.84,2.88,2.9,2.96,2.96,3.03,2.98,3.05,3.03,3.08,3.09
ITA,2.37,2.42,2.44,2.5,2.65,2.59,2.57,2.5,2.49,2.46,2.38,2.4,2.35,2.3,2.28,2.17,2.04,1.93,1.84,1.73,1.64,1.58,1.56,1.51,1.46,1.42,1.35,1.33,1.36,1.33,1.33,1.3,1.3,1.25,1.21,1.19,1.2,1.21,1.21,1.23,1.26,1.25,1.27,1.29,1.34,1.34,1.37,1.4,1.45,1.45,1.46,1.44,1.43,1.39,1.37,1.37
JAM,5.419,5.529,5.627,5.711,5.775,5.815,5.821,5.79,5.722,5.617,5.477,5.305,5.108,4.899,4.685,4.478,4.286,4.115,3.965,3.839,3.733,3.643,3.559,3.477,3.394,3.308,3.223,3.142,3.069,3.003,2.947,2.899,2.86,2.826,2.797,2.768,2.738,2.704,2.666,2.623,2.577,2.529,2.482,2.439,2.398,2.361,2.325,2.289,2.251,2.212,2.173,2.136,2.102,2.072,2.047,2.026
JOR,7.687,7.802,7.904,7.983,8.034,8.057,8.053,8.033,8.004,7.968,7.926,7.876,7.818,7.75,7.675,7.598,7.523,7.455,7.391,7.329,7.262,7.18,7.074,6.94,6.777,6.588,6.376,6.153,5.926,5.702,5.488,5.286,5.096,4.918,4.754,4.605,4.469,4.345,4.231,4.126,4.033,3.952,3.884,3.828,3.784,3.75,3.725,3.707,3.693,3.68,3.663,3.638,3.604,3.56,3.506,3.445
JPN,2.001,2.05,2.01,2.02,2.05,2.139,1.58,2.02,2.13,2.13,2.135,2.16,2.14,2.14,2.05,1.909,1.85,1.8,1.79,1.77,1.75,1.74,1.77,1.8,1.81,1.76,1.72,1.69,1.66,1.57,1.54,1.53,1.502,1.458,1.5,1.422,1.425,1.388,1.384,1.342,1.359,1.33,1.32,1.29,1.29,1.26,1.32,1.34,1.37,1.37,1.39,1.39,1.41,1.43,1.42,1.46
KAZ,4.562,4.512,4.432,4.323,4.191,4.048,3.912,3.795,3.705,3.646,3.611,3.59,3.569,3.536,3.488,3.427,3.355,3.283,3.216,3.019,2.9,2.95,3,3.04,3.08,3.08,3.135,3.19,3.13,2.82,2.72,2.61,2.5,2.3,2.28,2.26,2.13,2,1.8,1.7,1.8,1.9,2,2.03,2.21,2.22,2.36,2.5,2.7,2.55,2.6,2.59,2.62,2.64,2.74,2.73
KEN,7.946,7.998,8.042,8.078,8.103,8.119,8.126,8.125,8.117,8.103,8.081,8.051,8.012,7.963,7.905,7.84,7.769,7.695,7.618,7.538,7.455,7.365,7.268,7.16,7.042,6.911,6.763,6.599,6.425,6.244,6.066,5.901,5.755,5.633,5.535,5.459,5.4,5.348,5.296,5.239,5.178,5.111,5.044,4.977,4.91,4.84,4.763,4.677,4.582,4.48,4.373,4.267,4.165,4.072,3.989,3.917
KGZ,5.469,5.516,5.532,5.517,5.475,5.417,5.354,5.295,5.245,5.207,5.177,5.147,5.105,5.047,4.97,4.876,4.77,4.66,4.553,4.454,4.367,4.296,4.24,4.195,4.16,4.13,4.1,4.065,4.02,3.875,3.63,3.58,3.52,3.2,2.9,3.1,2.8,2.6,2.7,2.6,2.4,2.4,2.4,2.5,2.6,2.5,2.7,2.7,2.8,2.9,3.1,3.1,3.2,3.1,3.2,3.2
KHM,6.967,6.964,6.955,6.937,6.909,6.868,6.813,6.745,6.666,6.574,6.465,6.332,6.175,6.004,5.831,5.681,5.585,5.557,5.603,5.714,5.87,6.042,6.193,6.296,6.338,6.313,6.226,6.097,5.944,5.777,5.601,5.421,5.237,5.052,4.867,4.685,4.504,4.325,4.146,3.971,3.805,3.654,3.521,3.406,3.309,3.227,3.155,3.086,3.018,2.947,2.875,2.805,2.739,2.682,2.634,2.594
KIR,6.788,6.803,6.784,6.728,6.634,6.501,6.329,6.125,5.902,5.673,5.457,5.273,5.13,5.034,4.985,4.978,4.999,5.031,5.058,5.072,5.07,5.051,5.022,4.988,4.952,4.912,4.871,4.829,4.784,4.738,4.688,4.635,4.576,4.512,4.445,4.374,4.304,4.235,4.17,4.11,4.058,4.015,3.979,3.95,3.927,3.909,3.895,3.883,3.872,3.859,3.843,3.822,3.796,3.766,3.731,3.693
KNA,,,,,,,,,,,,,3.5,,,,,,,,,,3.3,,,,,2.8,,,,,2.6,,,,,2.4,,,,,2.107,,,,,,,,,,,,,
KOR,6.095,5.929,5.738,5.533,5.325,5.125,4.941,4.772,4.617,4.474,4.53,4.54,4.12,4.07,3.77,3.43,3,2.99,2.64,2.9,2.82,2.57,2.39,2.06,1.74,1.66,1.58,1.53,1.55,1.56,1.57,1.71,1.76,1.654,1.656,1.634,1.574,1.52,1.448,1.41,1.467,1.297,1.166,1.18,1.154,1.076,1.123,1.25,1.192,1.149,1.226,1.244,1.297,1.187,1.205,1.239
KWT,7.244,7.273,7.309,7.347,7.383,7.409,7.417,7.402,7.358,7.281,7.169,7.018,6.835,6.627,6.403,6.176,5.962,5.769,5.599,5.452,5.316,5.177,5.018,4.83,4.61,4.357,4.074,3.777,3.482,3.205,2.967,2.791,2.682,2.641,2.66,2.72,2.796,2.861,2.895,2.89,2.845,2.773,2.691,2.616,2.552,2.498,2.45,2.4,2.344,2.281,2.215,2.151,2.094,2.046,2.011,1.986
LAC,6.0188640785,6.0166172853,6.0024879793,5.9731347609,5.9287087868,5.8682518784,5.7939753589,5.7093719626,5.6181627989,5.521455786,5.4218067547,5.3180322745,5.2110660025,5.1013496329,4.989912827,4.8769037656,4.7629923565,4.6493952263,4.5354835568,4.4226422336,4.3104751745,4.199191476,4.0883502181,3.9784426091,3.8701914961,3.7634843508,3.6603433953,3.5608914184,3.4658412302,3.3760966578,3.2914891809,3.2122851155,3.1379502887,3.0679200044,3.0011595837,2.9373224632,2.875706228,2.8155366675,2.7569195407,2.6985330071,2.6410901135,2.5842897781,2.5282779939,2.4743531297,2.4229839414,2.3747535713,2.3313926376,2.2925720036,2.2592026084,2.2298212039,2.2050849679,2.1825790729,2.1615019705,2.1409261072,2.1204318964,2.0996505107
LAO,5.961,5.964,5.966,5.969,5.971,5.973,5.974,5.973,5.973,5.972,5.974,5.979,5.99,6.006,6.029,6.059,6.096,6.139,6.186,6.233,6.277,6.315,6.345,6.363,6.369,6.361,6.342,6.313,6.274,6.222,6.151,6.054,5.928,5.772,5.589,5.385,5.165,4.939,4.717,4.506,4.311,4.137,3.983,3.845,3.724,3.615,3.517,3.423,3.331,3.24,3.149,3.059,2.974,2.895,2.823,2.758
LBN,5.739,5.724,5.694,5.647,5.583,5.501,5.403,5.295,5.181,5.064,4.948,4.836,4.73,4.629,4.534,4.444,4.357,4.271,4.182,4.092,3.997,3.898,3.796,3.692,3.587,3.482,3.379,3.279,3.182,3.09,3.002,2.919,2.841,2.765,2.691,2.617,2.543,2.468,2.39,2.31,2.225,2.134,2.037,1.938,1.839,1.75,1.678,1.628,1.601,1.598,1.614,1.641,1.671,1.696,1.713,1.72
LBR,6.406,6.429,6.453,6.476,6.5,6.524,6.552,6.583,6.617,6.655,6.695,6.736,6.777,6.815,6.849,6.88,6.907,6.93,6.95,6.964,6.973,6.973,6.964,6.946,6.917,6.875,6.82,6.752,6.673,6.587,6.499,6.414,6.336,6.267,6.208,6.156,6.109,6.061,6.008,5.948,5.88,5.804,5.722,5.635,5.547,5.456,5.366,5.277,5.19,5.105,5.023,4.944,4.868,4.794,4.721,4.65
LBY,7.202,7.243,7.31,7.402,7.517,7.647,7.781,7.905,8.01,8.087,8.132,8.147,8.135,8.102,8.048,7.97,7.866,7.736,7.582,7.408,7.219,7.023,6.826,6.63,6.435,6.236,6.023,5.79,5.533,5.256,4.966,4.67,4.381,4.109,3.859,3.636,3.44,3.267,3.112,2.976,2.856,2.754,2.668,2.597,2.539,2.493,2.46,2.438,2.425,2.418,2.412,2.404,2.391,2.372,2.345,2.312
LCA,6.967,6.931,6.88,6.821,6.758,6.688,6.607,6.508,6.387,6.249,6.101,5.953,5.813,5.686,5.571,5.462,5.347,5.216,5.064,4.891,4.703,4.512,4.328,4.161,4.014,3.888,3.781,3.683,3.589,3.495,3.399,3.302,3.203,3.104,3.001,2.892,2.772,2.641,2.499,2.35,2.202,2.06,1.933,1.826,1.74,1.675,1.63,1.598,1.574,1.555,1.538,1.522,1.507,1.495,1.482,1.471
LCN,5.9251745497,5.9203338175,5.9034299154,5.8713666779,5.8245068868,5.7620891279,5.686408733,5.6009065189,5.5092306158,5.4123936676,5.3128976869,5.2093541,5.1029754613,4.994152987,4.884046775,4.7728703961,4.6614076364,4.5507542894,4.4402457082,4.3311943118,4.223274194,4.1165578065,4.0106952739,3.9060174255,3.8030185386,3.7015063299,3.6032587629,3.5083628309,3.4174282465,3.3312783804,3.2497553965,3.1730990511,3.1008654355,3.0325852159,2.9673138392,2.9047644841,2.8435198932,2.7844803294,2.7273082492,2.6710012772,2.615645409,2.559668722,2.5047943229,2.4521945764,2.4027699705,2.3561788611,2.3138817494,2.2759317509,2.2436086604,2.2149440054,2.1905095243,2.1682240349,2.1472098667,2.1266056276,2.10634695,2.0861319871
LDC,6.6800650833,6.698414477,6.716310794,6.733204936,6.7478562737,6.760172403,6.7700168996,6.7776093552,6.7827981201,6.7857745236,6.7858233506,6.7826693153,6.7764299496,6.7670953502,6.7547515351,6.74025012,6.7240895216,6.7064099537,6.6862275626,6.6623449262,6.6328153347,6.5952082512,6.5493360079,6.4950261119,6.4325537207,6.3619201746,6.2848718912,6.203139203,6.1188260994,6.0334203141,5.9492209813,5.8668804048,5.7884329652,5.7132119266,5.6402867059,5.5690677017,5.4960493335,5.4232681941,5.3502924997,5.2774969985,5.2049272075,5.1322989686,5.0597929239,4.9875430204,4.9154471745,4.843069775,4.7693624637,4.6961742053,4.624398533,4.5541023802,4.4860336276,4.4183581646,4.3532183896,4.2907448229,4.2305700821,4.1722856457
LIC,6.5218129537,6.5139932772,6.5072601961,6.505244381,6.5112832747,6.5266384217,6.5435057429,6.5656769921,6.587302916,6.6043692683,6.614685959,6.6195364659,6.6174884218,6.6101318187,6.6004820802,6.5916846486,6.5833295721,6.5791828106,6.5785925162,6.5796365848,6.5802417776,6.574985328,6.5660647405,6.5518694306,6.5315573003,6.5045998874,6.4743439253,6.439100008,6.4011409028,6.3621136543,6.3237949816,6.2838796878,6.246888263,6.2109640752,6.1745982287,6.1360574376,6.0927439571,6.0454550199,5.9940788335,5.939426252,5.8821481342,5.8224151705,5.7612533662,5.6991534768,5.6356454398,5.5705442864,5.5016364655,5.4306071442,5.3572980405,5.2814275586,5.2035544951,5.1229859343,5.0419403214,4.9611190122,4.8817773178,4.804077428
LIE,,,,,,,,,,,,,,,,,,,,,,,,,,,,,,,,,,,,,,,,,1.57,1.52,1.47,1.36,1.44,1.49,1.43,1.42,1.43,1.71,1.4,1.69,1.51,1.45,1.59,1.59
LKA,5.541,5.421,5.299,5.18,5.067,4.959,4.849,4.734,4.609,4.477,4.342,4.208,4.083,3.97,3.87,3.783,3.705,3.633,3.562,3.488,3.408,3.319,3.223,3.12,3.012,2.904,2.8,2.703,2.617,2.544,2.483,2.433,2.39,2.353,2.32,2.291,2.268,2.252,2.242,2.239,2.241,2.247,2.257,2.268,2.278,2.284,2.283,2.274,2.257,2.232,2.203,2.17,2.138,2.109,2.083,2.063
LMC,5.9294307602,5.9317672943,5.9332088429,5.9277702805,5.915725588,5.9040935678,5.8860226522,5.8601898029,5.8288554039,5.7959476687,5.7580000934,5.7119486834,5.6567465259,5.5959876322,5.5322314401,5.4643619319,5.3948958599,5.3253832732,5.2598781714,5.194711782,5.1297288753,5.0620472608,4.9937963298,4.9228568052,4.8441360057,4.7591435138,4.6703239092,4.5772835025,4.4800992325,4.3805427329,4.2851215938,4.1902896207,4.0939253062,4.0001276271,3.9094767163,3.8288240088,3.7481671502,3.672128962,3.5999644933,3.5333345713,3.4713697964,3.412639593,3.3604153207,3.3081343413,3.2601468617,3.2100371421,3.1638521416,3.1185386715,3.0754682368,3.0299095082,2.9849882455,2.9429131157,2.9054479969,2.8713164861,2.8399202367,2.8102976349
LMY,5.656647397,5.692099566,5.743444228,5.7753571482,5.7919966417,5.7939006045,5.7727491877,5.7414903897,5.6754852729,5.5882846539,5.48412108,5.35140022,5.2197071024,5.0694209531,4.920926278,4.771423904,4.6307662043,4.5032399867,4.3901117429,4.2930099738,4.2136342065,4.1456836083,4.1043530031,4.0646993998,4.0248145437,3.9814700579,3.9349317984,3.8745556819,3.7948173837,3.7007539192,3.5980904664,3.4868971249,3.3804144733,3.2767370934,3.1897303656,3.1120384965,3.045236808,2.9860791597,2.9418720945,2.8999198986,2.8648458038,2.8351592183,2.8112151949,2.787094868,2.7658292376,2.7413048839,2.720893649,2.7040501855,2.6886264934,2.6702563712,2.6522317111,2.6344993075,2.6223237749,2.6083782761,2.597134578,2.5847038668
LSO,5.839,5.829,5.82,5.812,5.806,5.802,5.801,5.803,5.805,5.807,5.808,5.807,5.802,5.794,5.78,5.761,5.736,5.706,5.672,5.633,5.589,5.542,5.491,5.436,5.377,5.313,5.244,5.169,5.088,5.004,4.919,4.837,4.759,4.686,4.617,4.548,4.475,4.394,4.302,4.2,4.089,3.972,3.856,3.744,3.64,3.548,3.473,3.412,3.365,3.33,3.303,3.278,3.253,3.222,3.186,3.143
LTE,5.176375402,5.2370071962,5.3317115815,5.4015232885,5.4418605988,5.4542587286,5.4200322065,5.3770284221,5.2627609701,5.1097222622,4.9275063323,4.7003502086,4.4731450244,4.2151423402,3.9633792627,3.7140669133,3.4888251467,3.2876597762,3.1152594928,2.9788593475,2.8784070722,2.8147002717,2.7990368344,2.7937823874,2.7905925234,2.7860453857,2.7774282348,2.7448953697,2.6736447376,2.57361704,2.4508513679,2.3122371252,2.172077154,2.03927179,1.9370907933,1.8462382497,1.7772766618,1.7258685813,1.6937807532,1.6662619022,1.6566283368,1.6515964817,1.6544742799,1.65754408,1.6622793817,1.658930304,1.6609259909,1.669458383,1.6789609831,1.6822018128,1.6853573576,1.6850476291,1.6940253911,1.6941741602,1.7006419197,1.702041873
LTU,2.56,2.53,2.45,2.35,2.28,2.23,2.22,2.23,2.24,2.3,2.4,2.41,2.34,2.22,2.21,2.18,2.18,2.14,2.08,2.05,1.99,1.98,1.97,2.1,2.07,2.08,2.12,2.11,2.02,1.98,2.03,2.01,1.97,1.74,1.57,1.55,1.49,1.47,1.46,1.46,1.39,1.29,1.23,1.26,1.27,1.29,1.33,1.36,1.45,1.5,1.5,1.55,1.6,1.59,1.63,1.63
LUX,2.29,,2.37,,2.34,2.42,2.34,2.24,2.12,2.02,1.97,1.95,1.75,1.58,1.58,1.55,1.48,1.5,1.48,1.48,1.5,1.55,1.49,1.43,1.42,1.38,1.43,1.4,1.51,1.52,1.6,1.6,1.64,1.7,1.72,1.7,1.77,1.71,1.68,1.74,1.76,1.66,1.63,1.62,1.66,1.63,1.65,1.61,1.61,1.59,1.63,1.52,1.57,1.55,1.5,1.5
LVA,1.94,1.94,1.91,1.85,1.79,1.74,1.76,1.8,1.83,1.88,1.96,2,2,1.98,1.97,1.96,1.93,1.89,1.87,1.87,1.86,1.88,1.97,2.07,2.09,2.08,2.12,2.15,2.11,2.05,2.02,1.86,1.73,1.51,1.39,1.25,1.16,1.11,1.09,1.16,1.25,1.22,1.26,1.32,1.29,1.39,1.46,1.54,1.58,1.46,1.36,1.33,1.44,1.52,1.64,1.64
MAC,4.772,4.646,4.462,4.221,3.934,3.615,3.283,2.958,2.657,2.392,2.167,1.979,1.818,1.679,1.562,1.478,1.437,1.445,1.499,1.591,1.709,1.835,1.953,2.046,2.104,2.121,2.094,2.031,1.944,1.838,1.722,1.606,1.495,1.395,1.309,1.238,1.175,1.116,1.056,0.995,0.938,0.889,0.852,0.831,0.827,0.84,0.869,0.909,0.957,1.008,1.061,1.112,1.16,1.205,1.245,1.28
MAF,,,,,,,,,,,,,,,,,,,,,,,2.44,2.4,2.29,2.24,2.06,2.13,2.13,2.2,2.12,2.05,1.94,1.84,1.84,1.84,1.84,1.84,1.83,1.83,1.83,1.83,1.83,1.83,1.83,1.83,1.82,1.82,1.82,1.82,1.82,1.82,1.82,1.81,1.81,1.81
MAR,7.04,7.072,7.088,7.086,7.065,7.026,6.969,6.9,6.821,6.736,6.646,6.552,6.455,6.356,6.255,6.156,6.06,5.967,5.876,5.783,5.684,5.571,5.441,5.291,5.123,4.942,4.754,4.567,4.387,4.217,4.057,3.903,3.75,3.597,3.445,3.298,3.161,3.038,2.933,2.846,2.777,2.723,2.68,2.644,2.613,2.588,2.571,2.563,2.563,2.569,2.578,2.584,2.583,2.574,2.555,2.526
MCO,,,,,,,,,,,,,,,,,,,,,,,,,,,,,,,,,,,,,,,,,,,,,,,,,,,,,,,,
MDA,3.328,3.259,3.178,3.086,2.989,2.891,2.801,2.722,2.66,2.613,2.582,2.56,2.542,2.523,2.503,2.483,2.465,2.455,2.454,2.462,2.481,2.51,2.546,2.585,2.62,2.643,2.646,2.625,2.578,2.506,2.414,2.309,2.199,2.093,1.994,1.901,1.811,1.719,1.623,1.527,1.435,1.354,1.291,1.247,1.224,1.219,1.227,1.242,1.256,1.268,1.274,1.273,1.269,1.263,1.256,1.248
MDG,7.3,7.301,7.303,7.305,7.307,7.308,7.307,7.304,7.297,7.286,7.27,7.248,7.221,7.188,7.149,7.102,7.044,6.976,6.898,6.813,6.725,6.637,6.554,6.477,6.41,6.353,6.307,6.27,6.237,6.208,6.179,6.149,6.116,6.078,6.033,5.979,5.912,5.835,5.748,5.653,5.551,5.447,5.342,5.24,5.141,5.047,4.956,4.866,4.777,4.689,4.603,4.52,4.442,4.37,4.303,4.241
MDV,7.021,7.075,7.118,7.152,7.179,7.201,7.218,7.231,7.237,7.237,7.227,7.201,7.159,7.103,7.04,6.981,6.944,6.936,6.961,7.013,7.081,7.151,7.203,7.219,7.189,7.106,6.965,6.776,6.548,6.286,5.993,5.674,5.336,4.987,4.637,4.298,3.975,3.674,3.399,3.155,2.944,2.769,2.625,2.508,2.415,2.344,2.294,2.262,2.244,2.235,2.229,2.221,2.209,2.191,2.165,2.132
MEA,6.8818071775,6.8978184658,6.9108084292,6.9181606372,6.9185001113,6.9092758126,6.8887453865,6.8558206059,6.8146334839,6.7637279709,6.7063915,6.6454656597,6.5855055771,6.525521173,6.4716812535,6.4260338175,6.3850165851,6.3481382879,6.3117178056,6.2718784036,6.2262147399,6.17054752,6.1032184709,6.0214741886,5.9228411771,5.8033994181,5.6594101923,5.4947317846,5.311921089,5.1147710707,4.9213366315,4.7089096327,4.5108560887,4.3034661128,4.1038046768,3.9072215363,3.7339864499,3.5763611996,3.4343448933,3.3084528039,3.2010636419,3.1106621297,3.0354091007,2.9757028371,2.9256781369,2.8883812601,2.867736853,2.858745755,2.8609076797,2.8681100814,2.8778784485,2.8812107597,2.879421888,2.8667736966,2.8450463671,2.8133479676
MEX,6.768,6.762,6.758,6.754,6.752,6.755,6.768,6.789,6.813,6.831,6.83,6.789,6.7,6.558,6.366,6.13,5.864,5.587,5.317,5.064,4.836,4.635,4.457,4.296,4.151,4.019,3.899,3.786,3.678,3.573,3.47,3.369,3.273,3.182,3.097,3.018,2.946,2.88,2.821,2.766,2.716,2.669,2.623,2.579,2.536,2.495,2.456,2.421,2.391,2.364,2.341,2.318,2.295,2.27,2.243,2.215
MHL,,,,,,,,,,,,,,,,,,,,,,,,,,,,5.9,,,,,,,,,,,,5.71,,,,,,4.5,4.5,4.5,,,,4.05,,,,
MIC,5.5913360574,5.6296220715,5.6846836453,5.7189228294,5.7361966846,5.7370620972,5.7130303631,5.6779032981,5.6055623565,5.5107669189,5.3981103109,5.2556911947,5.1140607938,4.9529522177,4.7938984676,4.6337269877,4.4833784432,4.3468555753,4.2256522411,4.1216277076,4.0366680558,3.9654401238,3.922199549,3.881336141,3.8402919534,3.7956642267,3.7478561167,3.6851224762,3.6014175191,3.5021646545,3.3935454327,3.2760812807,3.16265764,3.0524587972,2.9599352426,2.8776504272,2.8076327357,2.7463607129,2.7002645996,2.6570240525,2.6216202498,2.5917403022,2.5679725994,2.5439207647,2.5228486081,2.4981190272,2.4783395695,2.4624075331,2.4479944923,2.430336872,2.4129472132,2.3960208545,2.3850207044,2.3719616859,2.3617619325,2.3502066522
MKD,3.842,3.758,3.691,3.638,3.595,3.552,3.502,3.439,3.36,3.265,3.158,3.044,2.932,2.828,2.738,2.663,2.606,2.562,2.529,2.505,2.486,2.468,2.449,2.426,2.399,2.368,2.335,2.301,2.269,2.238,2.206,2.171,2.131,2.085,2.033,1.977,1.919,1.864,1.812,1.765,1.723,1.683,1.644,1.605,1.566,1.531,1.501,1.478,1.465,1.461,1.465,1.474,1.487,1.501,1.513,1.524
MLI,6.967,6.979,6.994,7.011,7.03,7.05,7.07,7.089,7.106,7.121,7.133,7.141,7.147,7.151,7.153,7.154,7.154,7.153,7.152,7.151,7.15,7.15,7.15,7.15,7.15,7.151,7.153,7.156,7.161,7.164,7.165,7.159,7.146,7.124,7.094,7.058,7.02,6.983,6.95,6.921,6.897,6.878,6.861,6.842,6.821,6.794,6.76,6.719,6.67,6.612,6.547,6.474,6.396,6.315,6.231,6.145
MLT,3.62,3.27,3.24,2.9,2.79,2.52,2.33,2.24,2.12,2.02,2.03,2.06,2.01,1.65,1.64,2.27,2.21,2.14,2.05,2.1,1.99,1.87,1.9,1.92,1.95,1.95,1.93,1.97,2.06,2.1,2.04,2.04,2.11,2,1.88,1.81,2.03,1.98,1.88,1.77,1.7,1.48,1.45,1.48,1.4,1.38,1.36,1.35,1.43,1.42,1.36,1.45,1.43,1.38,1.42,1.42
MMR,6.051,6.073,6.096,6.116,6.13,6.136,6.13,6.111,6.077,6.029,5.964,5.884,5.79,5.685,5.572,5.457,5.343,5.233,5.126,5.024,4.92,4.809,4.685,4.547,4.395,4.231,4.062,3.894,3.734,3.586,3.455,3.341,3.243,3.16,3.09,3.035,2.994,2.965,2.945,2.929,2.914,2.894,2.865,2.827,2.779,2.722,2.658,2.591,2.526,2.465,2.41,2.363,2.322,2.286,2.256,2.23
MNA,6.9433709575,6.9615162624,6.9764427146,6.985837682,6.9874017948,6.9789807015,6.9574222578,6.9236369763,6.8791753131,6.8243082443,6.7625042527,6.6967177875,6.6313452663,6.5694594049,6.5126380103,6.462940619,6.4201193897,6.3821440833,6.344593401,6.303650403,6.2573030882,6.2005921366,6.1320902925,6.0485886903,5.9480077541,5.8268269209,5.6808331925,5.512607991,5.3253399477,5.121979968,4.923076212,4.7038973913,4.4839245838,4.2686518314,4.062816039,3.8708048539,3.6941704646,3.5344156945,3.3916773696,3.2672416458,3.162123633,3.0747259248,3.002599884,2.9446400817,2.8990089851,2.8670742672,2.8515985898,2.849706293,2.859903495,2.8774788286,2.8967980434,2.9107565046,2.916263888,2.9106321155,2.8921452421,2.8621515136
MNE,3.603,3.522,3.436,3.344,3.246,3.145,3.046,2.953,2.871,2.8,2.737,2.68,2.624,2.567,2.507,2.447,2.391,2.341,2.3,2.268,2.243,2.224,2.208,2.192,2.175,2.156,2.137,2.12,2.104,2.091,2.078,2.063,2.046,2.025,2.002,1.977,1.951,1.927,1.906,1.888,1.875,1.865,1.858,1.852,1.847,1.84,1.832,1.82,1.805,1.787,1.767,1.745,1.725,1.706,1.69,1.677
MNG,6.953,7.168,7.347,7.477,7.558,7.593,7.599,7.591,7.584,7.578,7.569,7.546,7.497,7.413,7.294,7.144,6.969,6.78,6.587,6.395,6.209,6.033,5.864,5.696,5.526,5.345,5.14,4.906,4.644,4.356,4.052,3.746,3.451,3.18,2.941,2.738,2.57,2.43,2.312,2.216,2.143,2.096,2.076,2.083,2.112,2.165,2.239,2.331,2.434,2.539,2.637,2.716,2.774,2.805,2.811,2.793
MNP,,,,,,,,,,,,,,,,,,,,,,,,,,,,,,,,,,,,,,,,,,,,,,,,,,,,,,,,
MOZ,6.954,6.935,6.916,6.898,6.884,6.872,6.864,6.859,6.854,6.849,6.84,6.824,6.801,6.769,6.729,6.683,6.633,6.585,6.539,6.499,6.464,6.436,6.413,6.392,6.373,6.354,6.332,6.308,6.281,6.248,6.211,6.167,6.119,6.067,6.015,5.964,5.919,5.882,5.853,5.832,5.818,5.807,5.795,5.781,5.761,5.736,5.706,5.674,5.639,5.602,5.562,5.519,5.472,5.421,5.365,5.305
MRT,6.775,6.787,6.794,6.798,6.799,6.799,6.798,6.798,6.795,6.791,6.784,6.773,6.757,6.736,6.709,6.676,6.638,6.596,6.551,6.504,6.457,6.411,6.367,6.324,6.283,6.244,6.206,6.168,6.128,6.085,6.04,5.991,5.939,5.883,5.825,5.765,5.703,5.64,5.576,5.514,5.453,5.394,5.337,5.283,5.232,5.183,5.139,5.097,5.059,5.021,4.983,4.942,4.897,4.848,4.794,4.736
MUS,6.167,6.178,6.124,5.993,5.785,5.51,5.187,4.847,4.516,4.213,3.952,3.741,3.575,3.444,3.341,3.255,3.169,3.071,2.954,2.818,2.672,2.532,2.412,2.325,2.16,2.02,1.99,2.05,2.14,2.23,2.32,2.3,2.37,2.21,2.25,2.14,2.12,2.04,1.97,2.05,1.99,1.91,1.94,1.87,1.92,1.88,1.77,1.74,1.67,1.59,1.57,1.55,1.54,1.44,1.43,1.36
MWI,6.94,6.964,6.991,7.023,7.058,7.096,7.137,7.179,7.221,7.262,7.303,7.345,7.389,7.432,7.476,7.517,7.556,7.59,7.618,7.636,7.643,7.637,7.618,7.585,7.538,7.474,7.392,7.291,7.176,7.051,6.922,6.798,6.683,6.582,6.495,6.424,6.364,6.31,6.257,6.203,6.149,6.097,6.049,6.003,5.958,5.903,5.83,5.733,5.611,5.467,5.308,5.146,4.992,4.856,4.74,4.646
MYS,6.45,6.42,6.353,6.246,6.1,5.923,5.728,5.529,5.34,5.167,5.014,4.88,4.757,4.64,4.528,4.425,4.331,4.249,4.179,4.12,4.068,4.021,3.974,3.925,3.872,3.816,3.759,3.703,3.65,3.6,3.554,3.51,3.466,3.422,3.372,3.313,3.238,3.145,3.036,2.913,2.784,2.657,2.539,2.438,2.355,2.293,2.249,2.217,2.191,2.169,2.149,2.129,2.11,2.092,2.074,2.056
NAC,3.668391139,3.6322436239,3.4813235994,3.3457097545,3.2147789493,2.9319156851,2.7236417172,2.5551450566,2.4565150667,2.4442221156,2.4584801516,2.2538195705,2.0070574797,1.880087196,1.8351994446,1.7790344859,1.7438601258,1.7891896605,1.7608109875,1.8025268271,1.8293857285,1.8005990531,1.8134953906,1.7868976812,1.7906092615,1.8263678199,1.8210252833,1.8524668582,1.9080784101,1.9889193655,2.0551252296,2.0251289962,2.0114215551,1.9866981846,1.9675114127,1.9434308392,1.9368970679,1.9282137516,1.9514899521,1.9572702046,1.9989989261,1.9775784521,1.9701167678,1.9953571248,1.9989555391,2.0049449349,2.0554466591,2.073502676,2.0324868219,1.9681890817,1.900166837,1.865697188,1.8535421383,1.830118751,1.8359511977,1.8184858175
NAM,6.149,6.167,6.184,6.199,6.216,6.236,6.263,6.301,6.347,6.401,6.459,6.517,6.57,6.613,6.642,6.654,6.647,6.622,6.581,6.524,6.451,6.362,6.259,6.145,6.022,5.893,5.76,5.625,5.491,5.358,5.227,5.098,4.97,4.842,4.715,4.589,4.466,4.345,4.229,4.119,4.018,3.926,3.844,3.773,3.714,3.667,3.635,3.616,3.608,3.606,3.605,3.6,3.586,3.56,3.522,3.473
NCL,6.278,6.144,6.01,5.8733333333,5.7366666667,5.6,5.385,5.17,4.88,4.59,4.3,4.1757142857,4.0514285714,3.9271428571,3.8028571429,3.6785714286,3.5542857143,3.43,3.426,3.422,3.418,3.64,3.41,3.33,3.17,3,3.17,3.25,3.1,2.97,3.19,3.15,2.99,2.86,2.7,2.59,2.65,2.67,2.55,2.48,2.59,2.43,2.33,2.27,2.18,2.2,2.29,2.2,2.2,2.2,2.17,2.15,2.28,2.26,2.24,2.22
NER,7.454,7.473,7.49,7.505,7.518,7.529,7.537,7.544,7.551,7.558,7.567,7.58,7.596,7.616,7.64,7.668,7.701,7.738,7.775,7.812,7.844,7.868,7.882,7.886,7.88,7.865,7.845,7.824,7.803,7.786,7.772,7.761,7.752,7.743,7.734,7.725,7.716,7.707,7.698,7.689,7.679,7.668,7.656,7.642,7.626,7.608,7.588,7.566,7.542,7.515,7.487,7.455,7.42,7.381,7.338,7.29
NGA,6.354,6.351,6.346,6.341,6.336,6.335,6.342,6.359,6.387,6.425,6.471,6.522,6.575,6.625,6.669,6.706,6.735,6.757,6.772,6.781,6.783,6.779,6.767,6.749,6.726,6.698,6.664,6.625,6.582,6.537,6.49,6.443,6.395,6.348,6.303,6.262,6.224,6.19,6.159,6.131,6.106,6.083,6.06,6.036,6.011,5.985,5.958,5.93,5.902,5.872,5.839,5.802,5.758,5.709,5.653,5.591
NIC,7.336,7.257,7.179,7.109,7.052,7.01,6.981,6.961,6.941,6.919,6.892,6.855,6.807,6.748,6.678,6.597,6.51,6.42,6.327,6.232,6.132,6.022,5.9,5.762,5.611,5.448,5.278,5.104,4.931,4.762,4.597,4.433,4.27,4.105,3.942,3.78,3.623,3.473,3.331,3.201,3.083,2.978,2.887,2.807,2.738,2.677,2.622,2.571,2.522,2.475,2.428,2.383,2.34,2.3,2.264,2.231
NLD,3.12,3.22,3.18,3.19,3.17,3.04,2.9,2.81,2.72,2.75,2.57,2.36,2.15,1.9,1.77,1.66,1.63,1.58,1.58,1.56,1.6,1.56,1.5,1.47,1.49,1.51,1.55,1.56,1.55,1.55,1.62,1.61,1.59,1.57,1.57,1.53,1.53,1.56,1.63,1.65,1.72,1.71,1.73,1.75,1.72,1.71,1.72,1.72,1.77,1.79,1.79,1.76,1.72,1.68,1.71,1.71
NOR,2.85,2.94,2.91,2.93,2.98,2.94,2.9,2.81,2.75,2.7,2.5,2.49,2.38,2.23,2.13,1.98,1.86,1.75,1.77,1.75,1.72,1.7,1.71,1.66,1.66,1.68,1.71,1.74,1.84,1.89,1.93,1.92,1.88,1.86,1.87,1.87,1.89,1.86,1.81,1.85,1.85,1.78,1.75,1.8,1.83,1.84,1.9,1.9,1.96,1.98,1.95,1.88,1.85,1.78,1.75,1.75
NPL,5.959,5.96,5.962,5.964,5.965,5.966,5.963,5.958,5.948,5.934,5.918,5.901,5.884,5.868,5.853,5.838,5.822,5.804,5.783,5.756,5.725,5.687,5.645,5.597,5.546,5.49,5.431,5.371,5.308,5.242,5.172,5.097,5.015,4.926,4.828,4.72,4.6,4.47,4.33,4.182,4.03,3.877,3.724,3.575,3.43,3.29,3.151,3.012,2.874,2.737,2.606,2.486,2.38,2.291,2.218,2.162
NRU,,,,,,,,,,,,,,,,,,,,,,,,,,,,,,,,,,,,,,,,,,,,,,,,,,,,,,,,
NZL,4.03,3.975,4.107,3.989,3.733,3.54,3.41,3.354,3.332,3.269,3.158,3.194,3,2.696,2.57,2.331,2.273,2.229,2.07,2.12,2.03,2.01,1.95,1.92,1.93,1.93,1.96,2.03,2.1,2.12,2.18,2.16,2.12,2.05,2,1.99,1.96,1.96,1.89,1.97,1.98,1.97,1.89,1.93,1.98,1.97,2.01,2.18,2.19,2.13,2.17,2.09,2.1,2.01,1.92,1.99
OED,3.2338436746,3.2402805521,3.1963062989,3.1782389467,3.1602275895,3.0698385943,2.9166236295,2.911042223,2.8696296478,2.8327442963,2.805818292,2.7464128688,2.6138048395,2.5296945143,2.4713993008,2.3768160568,2.3067497088,2.2628597845,2.2065071074,2.2005422121,2.1778625595,2.1241014689,2.1035188335,2.0571365175,2.0212028888,2.0102535057,1.9824767931,1.968607994,1.974883952,1.9648966673,1.9764062596,1.9504453361,1.9243886811,1.8852713912,1.8621716104,1.8242769564,1.814948433,1.8014435182,1.7952100611,1.7862453096,1.8069720616,1.7775394297,1.7622552379,1.7688747302,1.7742545463,1.7685803349,1.8005736259,1.8205139841,1.8250168464,1.7980255887,1.7890405712,1.7684300794,1.7675130181,1.7424402496,1.7483759426,1.7484865864
OMN,7.247,7.248,7.251,7.256,7.263,7.271,7.277,7.282,7.286,7.293,7.311,7.35,7.414,7.504,7.617,7.747,7.885,8.018,8.137,8.232,8.299,8.338,8.352,8.34,8.299,8.222,8.101,7.933,7.719,7.462,7.165,6.831,6.472,6.098,5.72,5.346,4.981,4.63,4.297,3.989,3.716,3.484,3.293,3.142,3.029,2.952,2.909,2.892,2.89,2.897,2.901,2.896,2.878,2.846,2.799,2.737
OSS,5.063058285,5.0604620319,5.0643118371,5.0434518155,5.0357022867,5.0001163509,4.9726814682,4.9506882438,4.942963524,4.9362131863,4.9242877136,4.9074278149,4.8799695073,4.8381972662,4.8152517432,4.8105154568,4.7929467938,4.7756058554,4.7614436757,4.7578973563,4.7524386269,4.740445644,4.718106985,4.7123053411,4.6766917757,4.6280673379,4.5932788209,4.5623340115,4.5365734515,4.4910798139,4.4332913245,4.3536864496,4.2947264389,4.2181948155,4.1593592916,4.0937348378,4.0355828155,3.950415993,3.8730221699,3.8059393182,3.7373054687,3.6621444048,3.6101760075,3.5570058631,3.5175892143,3.4745351158,3.4306907656,3.3974021634,3.3621952767,3.3278390321,3.2980681108,3.2660028366,3.2376392261,3.2023515035,3.1736470948,3.1377268257
PAK,6.6,6.6,6.6,6.6,6.6,6.6,6.6,6.6,6.6,6.6,6.601,6.602,6.605,6.608,6.611,6.612,6.608,6.599,6.583,6.561,6.535,6.508,6.483,6.46,6.436,6.407,6.367,6.31,6.234,6.138,6.024,5.896,5.76,5.622,5.482,5.342,5.198,5.048,4.892,4.733,4.58,4.438,4.314,4.211,4.129,4.067,4.02,3.98,3.942,3.901,3.855,3.802,3.744,3.682,3.617,3.55
PAN,5.87,5.846,5.812,5.765,5.707,5.638,5.559,5.472,5.378,5.279,5.173,5.06,4.939,4.81,4.675,4.537,4.398,4.26,4.128,4.002,3.884,3.775,3.675,3.581,3.494,3.413,3.336,3.262,3.19,3.121,3.057,2.999,2.95,2.909,2.877,2.852,2.83,2.81,2.789,2.767,2.744,2.72,2.698,2.679,2.663,2.651,2.643,2.637,2.632,2.628,2.622,2.613,2.601,2.585,2.565,2.541
PER,6.971,6.97,6.963,6.948,6.921,6.878,6.816,6.733,6.63,6.51,6.378,6.239,6.099,5.963,5.832,5.705,5.578,5.447,5.31,5.167,5.021,4.875,4.733,4.6,4.475,4.358,4.249,4.142,4.037,3.933,3.828,3.722,3.617,3.514,3.413,3.317,3.226,3.142,3.064,2.993,2.929,2.871,2.818,2.77,2.725,2.684,2.648,2.616,2.589,2.566,2.545,2.525,2.504,2.481,2.456,2.429
PHL,7.148,7.087,7.02,6.947,6.867,6.781,6.689,6.589,6.485,6.376,6.264,6.152,6.041,5.931,5.824,5.718,5.613,5.506,5.399,5.29,5.183,5.078,4.978,4.883,4.795,4.712,4.632,4.554,4.476,4.397,4.32,4.246,4.177,4.113,4.056,4.005,3.961,3.922,3.886,3.85,3.811,3.766,3.712,3.65,3.579,3.503,3.425,3.349,3.278,3.214,3.158,3.109,3.067,3.028,2.992,2.958
PLW,,,,,,,,,,,,,,,,,,,,,,,,,,,,,,,2.84,,,,,2.35,,,,,,,,,,2.02,,,,,,,2.23,,,2.21
PNG,6.275,6.278,6.278,6.275,6.268,6.258,6.244,6.227,6.208,6.187,6.163,6.137,6.108,6.077,6.041,6,5.954,5.9,5.839,5.771,5.694,5.609,5.515,5.415,5.312,5.21,5.11,5.018,4.934,4.861,4.802,4.756,4.723,4.7,4.683,4.668,4.653,4.632,4.604,4.569,4.525,4.475,4.422,4.368,4.315,4.263,4.21,4.156,4.101,4.043,3.985,3.926,3.869,3.813,3.759,3.707
POL,2.98,2.83,2.72,2.7,2.57,2.52,2.34,2.33,2.24,2.2,2.2,2.25,2.24,2.26,2.26,2.27,2.3,2.23,2.21,2.28,2.28,2.24,2.34,2.42,2.37,2.33,2.22,2.15,2.13,2.08,2.06,2.07,1.95,1.87,1.81,1.62,1.59,1.51,1.44,1.38,1.37,1.31,1.25,1.22,1.23,1.24,1.27,1.31,1.39,1.4,1.41,1.33,1.33,1.29,1.32,1.32
PRE,6.6608595435,6.6796794646,6.6993039912,6.7195780134,6.7394092003,6.759043785,6.7784061282,6.7983498808,6.8185934269,6.8385244779,6.8575917402,6.8757291506,6.8927036001,6.9075763391,6.9194639027,6.9283191768,6.9329760629,6.9335361627,6.9294407397,6.92093383,6.90785551,6.8905992863,6.869110835,6.8443965238,6.8169259776,6.7864093349,6.7524063501,6.7145323567,6.6727582707,6.6276784724,6.579877158,6.5302663044,6.480466082,6.4315029755,6.3836499259,6.3374943958,6.2914235543,6.2455890367,6.1996357567,6.1535849611,6.1081335645,6.0638688213,6.0202849122,5.9768612408,5.9328162884,5.8873818937,5.8386255919,5.7867779309,5.7314756898,5.6721557766,5.6086792908,5.5410605621,5.4700284143,5.3974435084,5.3234303678,5.2490199174
PRI,4.657,4.547,4.411,4.252,4.075,3.888,3.703,3.53,3.377,3.248,3.146,3.068,3.006,2.955,2.908,2.864,2.818,2.769,2.718,2.664,2.607,2.548,2.49,2.436,2.387,2.344,2.308,2.279,2.256,2.236,2.219,2.201,2.179,2.153,2.122,2.086,1.94,1.9,1.9,1.97425,2.0485,1.9346,1.8317,1.7624,1.7822,1.7702,1.7123,1.6505,1.6516,1.6528,1.6235,1.5965,1.5425,1.47,1.432,1.432
PRK,4.579,4.357,4.173,4.057,4.022,4.063,4.157,4.257,4.327,4.352,4.315,4.21,4.05,3.852,3.63,3.404,3.197,3.025,2.897,2.815,2.773,2.753,2.734,2.701,2.65,2.581,2.503,2.429,2.369,2.323,2.289,2.262,2.235,2.202,2.164,2.121,2.079,2.042,2.014,1.996,1.987,1.987,1.99,1.995,1.999,2.002,2.001,1.999,1.994,1.987,1.979,1.968,1.957,1.945,1.933,1.921
PRT,3.16,3.21,3.23,3.12,3.21,3.15,3.16,3.16,3.12,3.12,3.01,3,2.86,2.77,2.7,2.75,2.82,2.69,2.45,2.31,2.25,2.13,2.07,1.95,1.9,1.72,1.66,1.62,1.61,1.57,1.56,1.56,1.54,1.52,1.45,1.41,1.44,1.47,1.47,1.5,1.55,1.45,1.46,1.44,1.4,1.41,1.37,1.35,1.39,1.34,1.39,1.35,1.28,1.21,1.23,1.23
PRY,6.5,6.489,6.472,6.447,6.41,6.356,6.276,6.17,6.041,5.894,5.739,5.591,5.458,5.351,5.272,5.223,5.198,5.189,5.186,5.183,5.174,5.155,5.126,5.087,5.037,4.974,4.9,4.818,4.73,4.639,4.547,4.457,4.368,4.282,4.196,4.108,4.014,3.911,3.798,3.678,3.553,3.431,3.315,3.21,3.119,3.04,2.97,2.907,2.846,2.787,2.73,2.675,2.625,2.581,2.542,2.509
PSE,,,,,,,,,,,,,,,,,,,,,,,,,,,,,,,6.718,6.674,6.607,6.515,6.396,6.251,6.085,5.907,5.727,5.55,5.383,5.231,5.094,4.973,4.867,4.775,4.695,4.623,4.554,4.487,4.419,4.35,4.281,4.212,4.143,4.075
PSS,6.7674049488,6.6725529845,6.5628880713,6.4422160143,6.3155563862,6.1875847099,6.0593185071,5.9338275071,5.8131247278,5.6986326874,5.5919714529,5.4954210852,5.4075588123,5.3289422434,5.2614262437,5.2035419162,5.1631098401,5.1265411166,5.0882188184,5.0437443017,4.9903845288,4.9257741141,4.8533645798,4.7773023338,4.7019871415,4.6297669013,4.5638555393,4.5045397723,4.4522871445,4.4049305902,4.3603752458,4.3137548855,4.2658262742,4.2158708286,4.1632652469,4.1084038566,4.0559186757,4.0024206146,3.9495224983,3.8986706854,3.8501610125,3.8012888167,3.7556048813,3.7122712558,3.6701383229,3.62880544,3.5905474048,3.5510489324,3.5103101832,3.4696999349,3.4285595166,3.3896596681,3.3519611878,3.315101222,3.2787662755,3.2432754752
PST,2.8983761147,2.9056358156,2.8620477032,2.8372905227,2.815257074,2.7215461817,2.5674792813,2.5554348005,2.5104770106,2.4699902578,2.4393455062,2.3754404139,2.2339227446,2.1459909236,2.0920834429,2.000052566,1.9360118995,1.9034386535,1.8599766456,1.8658623935,1.8550079744,1.810583349,1.8005302934,1.7655703339,1.7405495799,1.7389903839,1.7238644792,1.7188244684,1.7377684728,1.7313704808,1.7495404986,1.7243675767,1.7044965518,1.664917815,1.6430035964,1.6102041843,1.6033822428,1.5920286239,1.5891406403,1.5839479652,1.6147642198,1.5870136956,1.579751548,1.596194232,1.611400356,1.6114779847,1.6581695077,1.6869523053,1.6991929629,1.6718464449,1.661451204,1.6448023748,1.6522901847,1.6244940524,1.6351459127,1.6393789539
PYF,5.658,5.577,5.5,5.43,5.368,5.314,5.267,5.222,5.174,5.12,5.057,4.98,4.889,4.785,4.67,4.548,4.423,4.301,4.185,4.08,3.989,3.916,3.858,3.812,3.774,3.738,3.697,3.645,3.579,3.498,3.401,3.291,3.175,3.059,2.946,2.841,2.745,2.66,2.585,2.52,2.463,2.414,2.37,2.329,2.289,2.251,2.216,2.184,2.155,2.131,2.11,2.092,2.075,2.059,2.044,2.028
QAT,6.971,6.973,6.977,6.982,6.986,6.988,6.988,6.983,6.97,6.947,6.91,6.855,6.781,6.69,6.581,6.46,6.332,6.201,6.07,5.94,5.806,5.661,5.5,5.322,5.128,4.925,4.718,4.516,4.329,4.159,4.013,3.893,3.795,3.714,3.647,3.588,3.532,3.473,3.407,3.329,3.236,3.124,2.996,2.858,2.713,2.569,2.433,2.312,2.211,2.13,2.07,2.027,1.997,1.972,1.95,1.929
ROU,2.34,2.17,2.04,2.01,1.96,1.91,1.9,3.66,3.63,3.19,2.89,2.67,2.55,2.44,2.71,2.59,2.54,2.57,2.52,2.49,2.43,2.36,2.17,2.06,2.26,2.31,2.39,2.38,2.3,2.22,1.83,1.59,1.51,1.43,1.4,1.33,1.3,1.32,1.32,1.3,1.31,1.27,1.27,1.3,1.33,1.4,1.42,1.45,1.6,1.66,1.59,1.47,1.52,1.41,1.52,1.52
RUS,2.52,2.45,2.36,2.27,2.18,2.13,2.1,2.04,1.99,1.97,1.99,2.03,2.04,2.01,2,1.98,1.97,1.95,1.92,1.9,1.89,1.91,2.04,2.11,2.06,2.05,2.15,2.22,2.12,2.01,1.892,1.732,1.552,1.385,1.4,1.337,1.27,1.218,1.232,1.157,1.195,1.223,1.286,1.32,1.344,1.294,1.305,1.416,1.502,1.542,1.567,1.582,1.691,1.707,1.75,1.75
RWA,8.187,8.194,8.197,8.198,8.198,8.198,8.198,8.201,8.207,8.217,8.231,8.252,8.278,8.307,8.339,8.37,8.401,8.429,8.451,8.462,8.461,8.444,8.41,8.357,8.282,8.177,8.038,7.863,7.657,7.427,7.184,6.942,6.713,6.505,6.324,6.172,6.046,5.936,5.835,5.737,5.64,5.543,5.445,5.345,5.243,5.135,5.021,4.9,4.774,4.644,4.515,4.389,4.269,4.158,4.058,3.967
SAS,6.0457015554,6.0445161234,6.0401471524,6.0311609102,6.0160326728,5.9941865885,5.9664428969,5.9324206423,5.8927050057,5.8483130216,5.797658031,5.7404828229,5.6770872858,5.6081334864,5.5355044541,5.4612510414,5.3882632919,5.3181202599,5.2511683156,5.1870106762,5.1248706978,5.0613851335,4.9946844336,4.9235475679,4.846372446,4.7629292768,4.6731573224,4.5792064799,4.4830215069,4.385051576,4.2891182078,4.1940957708,4.1033195895,4.0169552335,3.9328817594,3.852419309,3.7743376395,3.6963855919,3.6178370134,3.5400501004,3.4622626866,3.3858005421,3.3112976644,3.238891456,3.1677300827,3.0982352129,3.027523014,2.9559289034,2.8841503964,2.8127743932,2.7442398983,2.6797250139,2.6218601619,2.5713994454,2.5279489718,2.4914932836
SAU,7.216,7.23,7.243,7.252,7.257,7.26,7.262,7.264,7.267,7.273,7.28,7.289,7.299,7.307,7.312,7.313,7.309,7.299,7.281,7.252,7.206,7.138,7.047,6.933,6.798,6.649,6.495,6.342,6.194,6.052,5.911,5.761,5.594,5.407,5.2,4.98,4.754,4.533,4.325,4.137,3.971,3.83,3.708,3.601,3.505,3.416,3.329,3.242,3.151,3.056,2.96,2.866,2.779,2.701,2.635,2.579
SDN,6.691,6.713,6.737,6.762,6.787,6.81,6.831,6.85,6.865,6.878,6.888,6.899,6.91,6.921,6.93,6.936,6.933,6.919,6.892,6.853,6.802,6.741,6.674,6.605,6.535,6.467,6.401,6.337,6.274,6.213,6.152,6.091,6.028,5.964,5.897,5.829,5.758,5.686,5.614,5.542,5.471,5.402,5.334,5.268,5.204,5.143,5.085,5.03,4.977,4.926,4.876,4.825,4.771,4.715,4.656,4.595
SEN,6.996,7.037,7.078,7.117,7.154,7.186,7.215,7.24,7.26,7.276,7.289,7.296,7.299,7.299,7.296,7.293,7.294,7.298,7.304,7.311,7.312,7.3,7.271,7.221,7.152,7.063,6.962,6.853,6.744,6.636,6.53,6.426,6.322,6.214,6.105,5.995,5.884,5.774,5.667,5.565,5.471,5.387,5.314,5.252,5.201,5.161,5.132,5.111,5.095,5.08,5.063,5.038,5.003,4.959,4.904,4.84
SGP,5.76,5.41,5.21,5.16,4.97,4.66,4.46,3.91,3.53,3.22,3.07,3.02,3.04,2.79,2.35,2.07,2.11,1.82,1.79,1.79,1.82,1.78,1.74,1.61,1.62,1.61,1.43,1.62,1.96,1.75,1.83,1.73,1.72,1.74,1.71,1.67,1.66,1.61,1.48,1.47,1.6,1.41,1.37,1.27,1.26,1.26,1.28,1.29,1.28,1.22,1.15,1.2,1.29,1.19,1.25,1.24
SLB,6.388,6.385,6.383,6.385,6.394,6.419,6.47,6.549,6.655,6.781,6.914,7.04,7.145,7.216,7.248,7.236,7.182,7.096,6.99,6.871,6.748,6.632,6.525,6.431,6.349,6.278,6.211,6.139,6.056,5.961,5.851,5.728,5.596,5.461,5.326,5.197,5.077,4.968,4.872,4.789,4.72,4.665,4.618,4.578,4.54,4.502,4.459,4.412,4.359,4.3,4.235,4.167,4.099,4.032,3.968,3.907
SLE,6.127,6.171,6.216,6.26,6.3,6.337,6.37,6.402,6.434,6.465,6.496,6.524,6.55,6.573,6.594,6.611,6.628,6.644,6.66,6.675,6.69,6.704,6.715,6.724,6.729,6.731,6.732,6.731,6.73,6.726,6.721,6.711,6.696,6.674,6.645,6.608,6.564,6.512,6.455,6.39,6.319,6.242,6.158,6.067,5.969,5.863,5.747,5.621,5.487,5.346,5.202,5.06,4.923,4.793,4.672,4.561
SLV,6.674,6.679,6.67,6.645,6.606,6.552,6.488,6.415,6.337,6.255,6.172,6.087,6,5.91,5.816,5.717,5.609,5.493,5.369,5.237,5.1,4.96,4.82,4.684,4.554,4.433,4.322,4.221,4.129,4.043,3.964,3.889,3.815,3.74,3.662,3.577,3.482,3.377,3.263,3.144,3.022,2.903,2.792,2.691,2.604,2.529,2.465,2.41,2.358,2.31,2.265,2.224,2.187,2.155,2.126,2.101
SMR,,,,,,,,,,,,,,,,,,,,,,,,,,,,,,,,,,,,,,,,,,,,,,,,,,,,,1.26,,,
SOM,7.25,7.252,7.255,7.258,7.261,7.261,7.257,7.248,7.232,7.209,7.182,7.151,7.118,7.086,7.057,7.033,7.016,7.005,7,7.003,7.013,7.03,7.053,7.08,7.112,7.149,7.19,7.237,7.288,7.341,7.397,7.454,7.511,7.566,7.614,7.653,7.679,7.689,7.683,7.66,7.623,7.573,7.513,7.448,7.378,7.305,7.227,7.144,7.056,6.963,6.866,6.766,6.665,6.564,6.464,6.365
SRB,,2.5,,,,,,,,,,2.3,,,,,,,,,,2.1,,,,,,,,,,1.8,,,,1.7,,1.6,,,1.48,1.58,1.57,1.59,1.57,1.45,1.43,1.38,1.4,1.44,1.4,1.4,1.45,1.43,1.46,1.46
SSA,6.6364765013,6.6495478866,6.6614321082,6.672221408,6.6814726068,6.6901911255,6.6992624729,6.7102327347,6.7230348329,6.7375973028,6.7531077883,6.768151948,6.7823400174,6.7937540055,6.8014559905,6.8053353151,6.805068461,6.8011658911,6.7934993894,6.78215017,6.7665575017,6.7457616033,6.7196973074,6.6888584597,6.6529000384,6.6117318041,6.5651649044,6.5134340348,6.4569871969,6.3965410956,6.3336319261,6.2678466192,6.2035229808,6.1409508285,6.0822983217,6.0272175458,5.9745098542,5.9236484588,5.8736382812,5.8242399849,5.7746043457,5.7262245988,5.6774301065,5.628177477,5.57866127,5.5281597498,5.4758252919,5.4223478971,5.3674260617,5.3103600821,5.2512185602,5.1888737741,5.1239784074,5.0572576107,4.9891780186,4.9199137661
SSD,6.721,6.733,6.747,6.763,6.781,6.8,6.819,6.838,6.855,6.869,6.881,6.892,6.903,6.912,6.92,6.924,6.922,6.913,6.897,6.874,6.85,6.829,6.813,6.806,6.806,6.81,6.816,6.816,6.808,6.789,6.761,6.726,6.686,6.644,6.601,6.554,6.503,6.444,6.377,6.303,6.223,6.139,6.054,5.969,5.885,5.803,5.721,5.638,5.552,5.465,5.376,5.286,5.197,5.109,5.022,4.938
SSF,6.6364765013,6.6495478866,6.6614321082,6.672221408,6.6814726068,6.6901911255,6.6992624729,6.7102327347,6.7230348329,6.7375973028,6.7531077883,6.768151948,6.7823400174,6.7937540055,6.8014559905,6.8053353151,6.8046885971,6.8011658911,6.7934993894,6.78215017,6.7665575017,6.7457616033,6.7191798602,6.6888584597,6.6529000384,6.6117318041,6.5651649044,6.5128937736,6.4569871969,6.3965410956,6.3336319261,6.2678466192,6.2030212575,6.1409508285,6.0822983217,6.0272175458,5.9745098542,5.9230942376,5.8730792408,5.8236860832,5.7740695659,5.7256857799,5.6768984186,5.627678028,5.5781690037,5.5277125296,5.4753822913,5.4219468228,5.3670481727,5.3100153412,5.2508498973,5.188565949,5.1236841723,5.0569745763,4.988897276,4.9196451467
SST,5.3068885867,5.3044894399,5.299066173,5.270039416,5.2429755562,5.1914376072,5.1398562253,5.0879124835,5.043317679,4.9986378086,4.9503639416,4.897168415,4.8355264625,4.7633579158,4.7033892545,4.6569401188,4.6062244201,4.558450866,4.5176262649,4.4887213237,4.4621890174,4.4320532302,4.3962685682,4.3687754722,4.320937816,4.2632156136,4.2163474852,4.1744473613,4.1362452302,4.0883302909,4.0346703399,3.9662248936,3.9144588932,3.849278599,3.7978376496,3.7416321669,3.6905291819,3.6215601906,3.556908793,3.4997872148,3.4416745598,3.3783446735,3.3323125523,3.286560339,3.2516498512,3.2153888316,3.1793511679,3.1512196901,3.1216766926,3.09248064,3.0665874143,3.0390455246,3.0144244389,2.9849369148,2.9606492822,2.9312070541
STP,6.242,6.263,6.284,6.306,6.327,6.349,6.371,6.394,6.419,6.444,6.468,6.49,6.51,6.525,6.534,6.534,6.524,6.504,6.473,6.434,6.386,6.333,6.276,6.217,6.158,6.101,6.044,5.988,5.932,5.876,5.82,5.765,5.71,5.655,5.6,5.545,5.491,5.437,5.384,5.33,5.278,5.226,5.174,5.123,5.072,5.022,4.974,4.927,4.88,4.835,4.788,4.74,4.689,4.635,4.578,4.518
SUR,6.608,6.594,6.558,6.497,6.412,6.304,6.182,6.053,5.922,5.79,5.653,5.504,5.336,5.148,4.945,4.734,4.526,4.332,4.161,4.015,3.895,3.798,3.715,3.64,3.57,3.505,3.445,3.391,3.345,3.304,3.267,3.232,3.197,3.16,3.12,3.077,3.033,2.988,2.944,2.902,2.861,2.821,2.783,2.745,2.708,2.672,2.638,2.606,2.575,2.547,2.52,2.495,2.47,2.445,2.421,2.396
SVK,3.04,2.96,2.83,2.92,2.89,2.78,2.66,2.48,2.39,2.43,2.41,2.43,2.49,2.56,2.61,2.55,2.55,2.49,2.47,2.45,2.32,2.29,2.28,2.28,2.26,2.26,2.2,2.14,2.13,2.07,2.09,2.05,1.93,1.87,1.67,1.52,1.47,1.43,1.37,1.33,1.3,1.2,1.19,1.2,1.25,1.27,1.25,1.27,1.34,1.44,1.43,1.45,1.34,1.34,1.37,1.37
SVN,2.341,2.333,2.327,2.32,2.312,2.301,2.287,2.272,2.258,2.243,2.231,2.22,2.213,2.207,2.202,2.195,2.183,2.166,2.14,2.106,2.064,2.016,1.93,1.81,1.74,1.71,1.67,1.65,1.63,1.52,1.46,1.42,1.33,1.33,1.32,1.29,1.28,1.25,1.23,1.21,1.26,1.21,1.21,1.2,1.25,1.26,1.31,1.38,1.53,1.53,1.57,1.56,1.58,1.55,1.58,1.58
SWE,2.17,2.21,2.25,2.33,2.47,2.39,2.37,2.28,2.07,1.93,1.92,1.96,1.91,1.87,1.87,1.77,1.68,1.64,1.6,1.66,1.68,1.63,1.62,1.61,1.66,1.74,1.8,1.84,1.96,2.01,2.13,2.11,2.09,1.99,1.88,1.73,1.6,1.52,1.5,1.5,1.54,1.57,1.65,1.71,1.75,1.77,1.85,1.88,1.91,1.94,1.98,1.9,1.91,1.89,1.88,1.88
SWZ,6.717,6.73,6.745,6.763,6.782,6.802,6.822,6.841,6.857,6.869,6.875,6.876,6.871,6.86,6.843,6.82,6.793,6.762,6.728,6.69,6.646,6.596,6.537,6.468,6.387,6.294,6.185,6.061,5.924,5.776,5.619,5.455,5.287,5.119,4.955,4.798,4.652,4.518,4.394,4.284,4.187,4.105,4.036,3.977,3.925,3.873,3.819,3.758,3.689,3.611,3.527,3.44,3.355,3.276,3.204,3.141
SXM,,,,,,,,,,,,,,,,,,,,,,,,,,,,,,,,,2.03,,,,,,,,,1.95,,,,,,1.5,1.7,1.7,,2.03,,,,
SYC,,,,,,,,,,,,,,,,,4.5,,,,,,3.5,,,,,3,,,,,2.696,,,,,2.1,2.04,2.04,2.08,1.98,2.04,2.1,2,2.2,2.1,2.24,2.3,2.4,2.1,2.4,2.4,2.4,2.3,2.3
SYR,7.467,7.497,7.522,7.541,7.555,7.564,7.569,7.572,7.574,7.574,7.572,7.566,7.556,7.537,7.51,7.472,7.422,7.359,7.285,7.197,7.094,6.976,6.843,6.695,6.534,6.359,6.168,5.962,5.746,5.526,5.31,5.107,4.923,4.762,4.625,4.509,4.41,4.319,4.229,4.138,4.043,3.944,3.844,3.744,3.648,3.556,3.471,3.394,3.325,3.264,3.21,3.16,3.113,3.065,3.016,2.966
TCA,,,,,,,,,,,,,,,,,,,,,,,,,,,,,,,,,,,,,,,,,,,,,,,,,,,,,,,,
TCD,6.25,6.268,6.285,6.301,6.318,6.337,6.362,6.393,6.432,6.477,6.528,6.582,6.636,6.688,6.736,6.78,6.82,6.857,6.892,6.925,6.958,6.99,7.023,7.056,7.089,7.124,7.161,7.199,7.238,7.276,7.313,7.346,7.376,7.399,7.416,7.425,7.426,7.419,7.405,7.384,7.354,7.315,7.268,7.212,7.147,7.074,6.992,6.901,6.803,6.699,6.592,6.482,6.372,6.263,6.155,6.05
TEA,5.8412256631,5.9692722323,6.0933151403,6.1991916898,6.2749055998,6.305925464,6.2826413325,6.2071812266,6.0816657306,5.9085497881,5.6880858,5.4240513226,5.127449626,4.8138414776,4.4962298865,4.1898111598,3.90707606,3.6571388065,3.4436035819,3.2719851182,3.146503798,3.0669019425,3.0235751246,3.003960548,2.9994348425,2.9934882865,2.9710726216,2.9245449673,2.8507044044,2.747455784,2.6204067351,2.4782614782,2.3345846239,2.2011434482,2.0863264229,1.9945240722,1.9261927128,1.8787706238,1.8488848257,1.8320407042,1.8252617656,1.8259627274,1.8308243071,1.8358303032,1.8399410025,1.8422104219,1.8427108257,1.8421557596,1.841372598,1.841947253,1.842124202,1.842212167,1.8429517416,1.8435864568,1.8447412145,1.8461374663
TEC,3.1204484195,3.0480502962,2.9972857254,2.9375357414,2.8613219991,2.8261116647,2.7899222394,2.857734597,2.8227978575,2.7852237517,2.7759122381,2.7686409238,2.7573788114,2.7261231104,2.726446341,2.6917612208,2.6654556975,2.6271193206,2.5953325325,2.5718910954,2.5430873439,2.5201348441,2.5727510366,2.602615808,2.5795497891,2.5499618648,2.5720155495,2.5735580202,2.5041943347,2.4107705042,2.3081858506,2.2085521792,2.0926226134,1.9696335055,1.9204149005,1.8508408492,1.7815075095,1.7158054127,1.677947006,1.6201041669,1.61475675,1.6012105847,1.6220200747,1.6279510712,1.6578524537,1.6348092368,1.6639748307,1.7295225061,1.802270156,1.813359108,1.8117478946,1.8017643586,1.8511646619,1.8573683647,1.8918254326,1.894461106
TGO,6.521,6.57,6.622,6.677,6.734,6.792,6.851,6.911,6.971,7.029,7.084,7.136,7.182,7.222,7.254,7.275,7.286,7.284,7.27,7.245,7.207,7.158,7.099,7.031,6.954,6.869,6.775,6.672,6.561,6.444,6.324,6.202,6.082,5.965,5.855,5.755,5.666,5.588,5.52,5.461,5.41,5.364,5.32,5.276,5.229,5.179,5.123,5.064,5.001,4.936,4.868,4.798,4.727,4.656,4.586,4.517
THA,6.147,6.151,6.155,6.157,6.151,6.129,6.084,6.009,5.903,5.764,5.595,5.397,5.181,4.953,4.721,4.488,4.257,4.03,3.808,3.594,3.392,3.202,3.024,2.859,2.707,2.571,2.451,2.346,2.256,2.179,2.113,2.055,2.003,1.956,1.911,1.867,1.823,1.781,1.742,1.705,1.671,1.641,1.616,1.595,1.58,1.568,1.561,1.557,1.553,1.551,1.547,1.542,1.534,1.524,1.512,1.498
TJK,6.547,6.661,6.76,6.844,6.911,6.962,6.999,7.024,7.035,7.031,7.003,6.943,6.845,6.714,6.553,6.376,6.197,6.029,5.885,5.77,5.688,5.64,5.613,5.599,5.588,5.573,5.543,5.495,5.427,5.336,5.226,5.101,4.971,4.841,4.714,4.588,4.461,4.327,4.188,4.045,3.907,3.781,3.675,3.591,3.533,3.498,3.485,3.486,3.493,3.502,3.507,3.504,3.492,3.472,3.442,3.404
TKM,6.59,6.689,6.756,6.788,6.787,6.756,6.703,6.635,6.56,6.482,6.404,6.323,6.237,6.143,6.04,5.926,5.796,5.651,5.494,5.331,5.17,5.022,4.895,4.791,4.711,4.65,4.603,4.557,4.504,4.436,4.344,4.222,4.071,3.898,3.707,3.512,3.323,3.154,3.013,2.903,2.824,2.77,2.73,2.698,2.671,2.654,2.653,2.672,2.712,2.769,2.833,2.892,2.936,2.958,2.956,2.931
TLA,6.0062414774,5.9957152227,5.9737026152,5.9379348303,5.8890968712,5.8263267061,5.7508485894,5.6661126507,5.5752035054,5.4789199089,5.3799444656,5.2780051939,5.1737748441,5.0677539763,4.9611459296,4.8538112425,4.7456066654,4.6377047166,4.5289478907,4.4201279718,4.3107033023,4.2013701782,4.0915872296,3.982392815,3.8748279364,3.7690296585,3.6667620595,3.5683546667,3.4742499168,3.3852598421,3.301029052,3.2217861709,3.1470231522,3.0762329986,3.0084495525,2.9434642735,2.8807757213,2.8195404643,2.7600274527,2.7010225094,2.6431544633,2.5861775164,2.5302320836,2.4764828028,2.4252989188,2.3772035323,2.3338061499,2.2947082558,2.2608257756,2.2307033009,2.2050324405,2.1815843934,2.1596122095,2.1383244547,2.1173101844,2.0962315104
TLS,6.373,6.376,6.375,6.367,6.347,6.314,6.268,6.207,6.132,6.039,5.917,5.751,5.541,5.298,5.037,4.794,4.611,4.514,4.513,4.606,4.767,4.956,5.13,5.256,5.324,5.336,5.308,5.271,5.256,5.273,5.34,5.469,5.651,5.874,6.125,6.384,6.627,6.832,6.986,7.079,7.112,7.092,7.037,6.965,6.881,6.79,6.694,6.59,6.477,6.357,6.234,6.109,5.983,5.859,5.737,5.618
TMN,6.9433709575,6.9615162624,6.9764427146,6.985837682,6.9874017948,6.9789807015,6.9574222578,6.9236369763,6.8791753131,6.8243082443,6.7625042527,6.6967177875,6.6313452663,6.5694594049,6.5126380103,6.462940619,6.4201193897,6.3821440833,6.344593401,6.303650403,6.2573030882,6.2005921366,6.1320902925,6.0485886903,5.9480077541,5.8268269209,5.6808331925,5.512607991,5.3253399477,5.121979968,4.907957368,4.6871023058,4.4656070332,4.2490397491,4.0422056722,3.8495310006,3.6726039461,3.5127707004,3.3705008013,3.246621758,3.1420810758,3.0552300864,2.9836322266,2.9261537804,2.880944322,2.849399058,2.8342855266,2.8328043396,2.8434454994,2.8615246593,2.8813904544,2.8958639823,2.9018042263,2.8965088368,2.8782542908,2.8483930869
TON,7.363,7.346,7.302,7.226,7.117,6.973,6.795,6.59,6.371,6.15,5.941,5.761,5.616,5.512,5.449,5.426,5.438,5.471,5.509,5.541,5.553,5.532,5.475,5.385,5.266,5.128,4.989,4.864,4.763,4.691,4.644,4.612,4.583,4.547,4.501,4.447,4.391,4.34,4.3,4.27,4.25,4.236,4.221,4.202,4.177,4.144,4.104,4.059,4.012,3.963,3.913,3.864,3.815,3.768,3.722,3.678
TSA,6.0457015554,6.0445161234,6.0401471524,6.0311609102,6.0160326728,5.9941865885,5.9664428969,5.9324206423,5.8927050057,5.8483130216,5.797658031,5.7404828229,5.6770872858,5.6081334864,5.5355044541,5.4612510414,5.3882632919,5.3181202599,5.2511683156,5.1870106762,5.1248706978,5.0613851335,4.9946844336,4.9235475679,4.846372446,4.7629292768,4.6731573224,4.5792064799,4.4830215069,4.385051576,4.2891182078,4.1940957708,4.1033195895,4.0169552335,3.9328817594,3.852419309,3.7743376395,3.6963855919,3.6178370134,3.5400501004,3.4622626866,3.3858005421,3.3112976644,3.238891456,3.1677300827,3.0982352129,3.027523014,2.9559289034,2.8841503964,2.8127743932,2.7442398983,2.6797250139,2.6218601619,2.5713994454,2.5279489718,2.4914932836
TSS,6.6364765013,6.6495478866,6.6614321082,6.672221408,6.6814726068,6.6901911255,6.6992624729,6.7102327347,6.7230348329,6.7375973028,6.7531077883,6.768151948,6.7823400174,6.7937540055,6.8014559905,6.8053353151,6.8046885971,6.8011658911,6.7934993894,6.78215017,6.7665575017,6.7457616033,6.7191798602,6.6888584597,6.6529000384,6.6117318041,6.5651649044,6.5128937736,6.4569871969,6.3965410956,6.3336319261,6.2678466192,6.2030212575,6.1409508285,6.0822983217,6.0272175458,5.9745098542,5.9230942376,5.8730792408,5.8236860832,5.7740695659,5.7256857799,5.6768984186,5.627678028,5.5781690037,5.5277125296,5.4753822913,5.4219468228,5.3670481727,5.3100153412,5.2508498973,5.188565949,5.1236841723,5.0569745763,4.988897276,4.9196451467
TTO,5.264,5.177,5.047,4.873,4.664,4.433,4.2,3.985,3.802,3.658,3.554,3.484,3.432,3.389,3.349,3.313,3.287,3.273,3.271,3.278,3.284,3.281,3.261,3.218,3.151,3.06,2.949,2.827,2.7,2.574,2.453,2.339,2.231,2.131,2.04,1.961,1.896,1.843,1.801,1.772,1.753,1.744,1.744,1.749,1.758,1.769,1.78,1.79,1.799,1.804,1.806,1.804,1.798,1.789,1.778,1.766
TUN,6.942,6.97,6.993,7.009,7.015,7.008,6.984,6.942,6.881,6.802,6.705,6.591,6.465,6.33,6.189,6.042,5.89,5.733,5.572,5.408,5.243,5.078,4.915,4.752,4.59,4.425,4.252,4.07,3.878,3.678,3.476,3.276,3.085,2.907,2.747,2.606,2.485,2.379,2.287,2.208,2.142,2.088,2.046,2.016,1.997,1.991,1.999,2.022,2.057,2.099,2.144,2.184,2.214,2.231,2.234,2.223
TUR,6.366,6.304,6.237,6.165,6.089,6.011,5.933,5.855,5.778,5.7,5.619,5.529,5.429,5.316,5.191,5.058,4.921,4.785,4.654,4.528,4.405,4.282,4.155,4.021,3.883,3.741,3.598,3.461,3.331,3.213,3.107,3.016,2.937,2.868,2.809,2.755,2.705,2.657,2.607,2.556,2.503,2.451,2.4,2.353,2.31,2.273,2.241,2.214,2.192,2.172,2.155,2.139,2.124,2.108,2.09,2.072
TUV,,,,,,,,,,,,,,,,,,,,,,,,,,,,,,,,,,,,,,,,,,,,,,,,,,,,,,,,
TZA,6.806,6.806,6.804,6.803,6.801,6.798,6.795,6.791,6.785,6.778,6.771,6.765,6.761,6.758,6.755,6.751,6.743,6.73,6.711,6.685,6.653,6.618,6.58,6.542,6.504,6.465,6.424,6.379,6.328,6.273,6.213,6.148,6.081,6.013,5.946,5.883,5.828,5.78,5.741,5.711,5.689,5.675,5.666,5.659,5.651,5.638,5.616,5.584,5.542,5.489,5.427,5.359,5.287,5.215,5.146,5.079
UGA,6.999,7.019,7.04,7.06,7.078,7.094,7.106,7.113,7.117,7.118,7.115,7.111,7.107,7.103,7.1,7.099,7.099,7.099,7.099,7.1,7.1,7.101,7.101,7.102,7.103,7.103,7.103,7.102,7.1,7.097,7.091,7.082,7.071,7.057,7.039,7.018,6.994,6.967,6.937,6.903,6.865,6.822,6.772,6.716,6.653,6.583,6.507,6.424,6.337,6.247,6.154,6.059,5.964,5.869,5.775,5.682
UKR,2.24,2.17,2.14,2.06,1.96,1.99,2.02,2.01,1.998,2.04,2.09,2.12,2.08,2.04,2.04,2.02,1.99,1.94,1.96,1.96,1.95,1.93,1.98,2.08,2.09,2.06,2.08,2.05,2.02,1.92,1.844,1.773,1.674,1.563,1.47,1.397,1.332,1.27,1.207,1.121,1.11,1.085,1.126,1.172,1.218,1.213,1.31,1.345,1.458,1.473,1.443,1.459,1.531,1.506,1.498,1.506
UMC,5.3094381515,5.3754219164,5.4725466808,5.5406103091,5.582950323,5.5948682848,5.5661722973,5.5238281601,5.4178493067,5.2721681181,5.0978203622,4.8780921393,4.6622806427,4.4166584774,4.1765666614,3.9371388513,3.7185322573,3.5245648395,3.3555442435,3.2182385226,3.1159039542,3.0478955248,3.0240520244,3.0098060441,3.0001365257,2.988115273,2.9730048728,2.9331685379,2.8572215519,2.7538461205,2.628487294,2.4876988675,2.3508514554,2.2205710131,2.1196604131,2.0304517821,1.9619651786,1.9088187767,1.8744592889,1.8438598053,1.8277313315,1.8171026136,1.8134880633,1.810284277,1.8088396624,1.801937313,1.8002917146,1.805565643,1.8117709409,1.8140425222,1.8160209402,1.8166663906,1.8246973713,1.8249424656,1.8284840917,1.8275515943
URY,2.88,2.886,2.884,2.874,2.858,2.841,2.83,2.831,2.844,2.869,2.902,2.938,2.969,2.989,2.995,2.983,2.953,2.907,2.852,2.789,2.726,2.666,2.615,2.574,2.546,2.53,2.524,2.524,2.525,2.525,2.52,2.509,2.49,2.465,2.435,2.4,2.363,2.327,2.294,2.266,2.242,2.222,2.205,2.189,2.174,2.158,2.142,2.126,2.11,2.094,2.078,2.063,2.048,2.033,2.019,2.007
USA,3.654,3.62,3.461,3.319,3.19,2.913,2.721,2.558,2.464,2.456,2.48,2.266,2.01,1.879,1.835,1.774,1.738,1.79,1.76,1.808,1.8395,1.812,1.8275,1.799,1.8065,1.844,1.8375,1.872,1.934,2.014,2.081,2.0625,2.046,2.0195,2.0015,1.978,1.976,1.971,1.999,2.0075,2.056,2.0305,2.0205,2.0475,2.0515,2.057,2.108,2.12,2.072,2.002,1.931,1.8945,1.8805,1.8575,1.8625,1.843
UZB,6.255,6.36,6.441,6.494,6.518,6.516,6.495,6.461,6.421,6.377,6.326,6.263,6.185,6.088,5.973,5.842,5.699,5.55,5.399,5.251,5.112,4.984,4.868,4.763,4.669,4.585,4.509,4.5,4.28,4.179,4.072,4.199,4.004,3.8,3.537,3.596,3.32,3.082,2.815,2.72,2.58,2.46,2.52,2.36,2.46,2.36,2.39,2.554,2.637,2.53,2.342,2.236,2.193,2.35,2.457,2.491
VCT,7.224,7.155,7.074,6.981,6.876,6.76,6.632,6.494,6.345,6.185,6.014,5.828,5.629,5.417,5.197,4.973,4.752,4.54,4.339,4.154,3.985,3.832,3.692,3.561,3.439,3.328,3.23,3.144,3.072,3.01,2.956,2.907,2.86,2.811,2.76,2.703,2.641,2.576,2.509,2.442,2.379,2.321,2.271,2.229,2.196,2.17,2.149,2.131,2.112,2.092,2.07,2.046,2.021,1.998,1.975,1.953
VEN,6.616,6.637,6.628,6.581,6.495,6.368,6.203,6.014,5.811,5.605,5.404,5.219,5.053,4.905,4.779,4.67,4.574,4.483,4.391,4.296,4.199,4.104,4.014,3.933,3.861,3.794,3.73,3.665,3.597,3.524,3.448,3.37,3.292,3.218,3.147,3.082,3.022,2.967,2.915,2.867,2.822,2.779,2.739,2.701,2.664,2.629,2.595,2.562,2.53,2.5,2.472,2.444,2.417,2.391,2.366,2.341
VGB,,,,,,,,,,,,,,,,,,,,,,,,,,,,,,,,,,,,,,,,,,,,,,,,,,,,,,,,
VIR,5.615,5.651,5.679,5.696,5.698,5.679,5.634,5.561,5.459,5.328,5.167,4.976,4.76,4.527,4.286,4.047,3.818,3.607,3.42,3.261,3.138,3.053,3,2.973,2.967,2.973,2.986,2.997,2.999,2.987,2.954,2.895,2.813,2.712,2.599,2.481,2.367,2.265,2.184,2.128,2.06,1.9,2.19,2.05,2.15,2.23,2.02,1.97,1.91,1.86,1.81,1.8,1.78,1.77,1.75,1.74
VNM,6.348,6.392,6.425,6.448,6.464,6.475,6.485,6.493,6.494,6.487,6.465,6.421,6.35,6.251,6.125,5.973,5.8,5.614,5.423,5.232,5.046,4.865,4.691,4.521,4.359,4.205,4.062,3.929,3.802,3.68,3.553,3.415,3.26,3.089,2.904,2.714,2.529,2.359,2.213,2.096,2.01,1.954,1.92,1.901,1.894,1.894,1.901,1.911,1.923,1.936,1.946,1.953,1.957,1.959,1.96,1.958
VUT,7.197,7.12,7.033,6.938,6.836,6.73,6.626,6.526,6.433,6.348,6.272,6.202,6.134,6.067,5.999,5.929,5.858,5.787,5.716,5.645,5.575,5.503,5.43,5.356,5.282,5.209,5.141,5.078,5.022,4.971,4.927,4.887,4.85,4.814,4.775,4.73,4.677,4.614,4.542,4.459,4.368,4.268,4.162,4.056,3.95,3.851,3.76,3.679,3.608,3.548,3.498,3.456,3.419,3.383,3.348,3.312
WLD,4.9849051463,5.0124277792,5.0371721991,5.0584901238,5.068487475,5.0497416314,4.9966746744,4.9739214619,4.9199215227,4.8494504631,4.7703232627,4.6615757648,4.5325206574,4.4049054263,4.2845976669,4.1547050722,4.0407333595,3.93967295,3.8482334414,3.7804995933,3.7220389113,3.6657637187,3.6362896188,3.6029484097,3.5715213349,3.5421414618,3.5050373998,3.4607444527,3.4054468054,3.3327139378,3.2588112163,3.1683700461,3.0813271464,2.993919704,2.9228003993,2.8563037051,2.803547575,2.7565745097,2.7209920973,2.6887655191,2.6681845293,2.6396829029,2.6198490193,2.6035766028,2.589579352,2.5705990849,2.5614622607,2.5528027665,2.5422411402,2.5237626959,2.5081501274,2.4920925792,2.4838855005,2.4683536808,2.4617274744,2.4526455575
WSM,7.651,7.645,7.63,7.604,7.567,7.519,7.462,7.4,7.334,7.265,7.194,7.119,7.039,6.952,6.859,6.761,6.656,6.547,6.434,6.32,6.203,6.086,5.968,5.85,5.734,5.62,5.51,5.404,5.303,5.208,5.118,5.034,4.956,4.882,4.815,4.751,4.692,4.637,4.587,4.541,4.503,4.476,4.46,4.454,4.456,4.46,4.46,4.45,4.426,4.388,4.338,4.277,4.212,4.148,4.086,4.029
XKX,,,,,,,,,,,,,,,,,,,,,,4.58,4.88,4.48,4.82,4.56,4.47,4.43,4.26,3.92,3.9,3.58,2.96,2.84,2.71,2.7,2.7,2.46,2.57,2.88,2.95,2.8,2.66,2.34,2.53,2.65,2.43,2.43,2.38,2.34,2.29,2.24,2.19,2.16,2.13,2.09
YEM,7.488,7.531,7.575,7.621,7.665,7.705,7.737,7.76,7.777,7.792,7.813,7.852,7.915,8.003,8.115,8.243,8.376,8.502,8.609,8.693,8.754,8.795,8.825,8.847,8.861,8.866,8.858,8.833,8.786,8.713,8.606,8.459,8.272,8.048,7.795,7.525,7.251,6.986,6.738,6.514,6.313,6.13,5.954,5.778,5.601,5.425,5.253,5.09,4.94,4.801,4.674,4.554,4.44,4.327,4.215,4.104
ZAF,6.041,6.028,6.01,5.986,5.956,5.92,5.878,5.832,5.782,5.728,5.67,5.605,5.535,5.457,5.374,5.287,5.198,5.108,5.018,4.928,4.837,4.744,4.646,4.542,4.432,4.315,4.19,4.059,3.924,3.788,3.654,3.525,3.405,3.294,3.196,3.11,3.036,2.973,2.918,2.871,2.829,2.792,2.759,2.729,2.702,2.677,2.655,2.636,2.619,2.603,2.588,2.572,2.554,2.533,2.51,2.485
ZMB,7.115,7.169,7.214,7.249,7.274,7.291,7.304,7.317,7.332,7.349,7.367,7.383,7.392,7.393,7.382,7.359,7.323,7.276,7.219,7.156,7.087,7.017,6.946,6.877,6.81,6.746,6.685,6.624,6.563,6.502,6.442,6.384,6.329,6.278,6.231,6.189,6.153,6.121,6.093,6.065,6.036,6.003,5.963,5.915,5.859,5.794,5.721,5.642,5.561,5.478,5.397,5.318,5.242,5.171,5.104,5.041
ZWE,7.158,7.215,7.267,7.311,7.347,7.373,7.391,7.403,7.411,7.415,7.417,7.419,7.42,7.417,7.41,7.395,7.369,7.33,7.273,7.196,7.095,6.967,6.811,6.633,6.435,6.223,6.004,5.784,5.569,5.365,5.176,5.001,4.84,4.691,4.555,4.433,4.327,4.236,4.161,4.101,4.055,4.022,4.001,3.989,3.984,3.985,3.991,4.001,4.014,4.024,4.028,4.019,3.996,3.957,3.903,3.836
